"タイプ","TEXT","メモ","アクティブ","デフォルト","除外","作成日時","更新日時"
"ASIN","B072J2J26T","商標疑い　Nintendo","true","false","false","2023-03-02 21:08:02","2026-01-25 22:30:14"
"ASIN","B07M9WYBHY","商標疑い　Final Fantasy","true","false","false","2023-03-10 01:02:34","2023-03-10 01:11:21"
"ASIN","B002U4RQA6","商標疑い　Final Fantasy","true","false","false","2023-03-10 01:02:52","2023-03-10 01:03:39"
"ASIN","B07PMZ6YX9","商標疑い　Final Fantasy","true","false","false","2023-03-10 01:03:30","2023-03-10 01:03:44"
"ASIN","B0058X9TEM","商標疑い　Final Fantasy","true","false","false","2023-03-10 01:04:05","2023-03-10 01:04:05"
"ASIN","B004UDHUDI","商標疑い　Final Fantasy","true","false","false","2023-03-10 01:04:11","2023-03-10 01:04:11"
"ASIN","B004UDHUSS","商標疑い　Final Fantasy","true","false","false","2023-03-10 01:04:19","2023-03-10 01:04:19"
"ASIN","B000EWBCQ0","商標疑い　Final Fantasy","true","false","false","2023-03-10 01:04:23","2023-03-10 01:04:23"
"ASIN","B00006H1SR","商標疑い　Final Fantasy","true","false","false","2023-03-10 01:04:47","2023-03-10 01:04:47"
"ASIN","B00065G7N8","商標疑い　Final Fantasy","true","false","false","2023-03-10 01:04:50","2023-03-10 01:04:50"
"ASIN","B000A41FNC","商標疑い　Final Fantasy","true","false","false","2023-03-10 01:04:59","2023-03-10 01:04:59"
"ASIN","B000KKBIZQ","商標疑い　Final Fantasy","true","false","false","2023-03-10 01:05:52","2023-03-10 01:05:52"
"ASIN","B0017P334M","商標疑い　Final Fantasy","true","false","false","2023-03-10 01:05:58","2023-03-10 01:05:58"
"ASIN","B001GXQQTE","商標疑い　Final Fantasy","true","false","false","2023-03-10 01:06:03","2023-03-10 01:06:03"
"ASIN","B002C1ADL6","商標疑い　Final Fantasy","true","false","false","2023-03-10 01:06:07","2023-03-10 01:06:07"
"ASIN","B002MZYU3E","商標疑い　Final Fantasy","true","false","false","2023-03-10 01:06:13","2023-03-10 01:06:13"
"ASIN","B00503118C","商標疑い　Final Fantasy","true","false","false","2023-03-10 01:06:17","2023-03-10 01:06:17"
"ASIN","B00CPZWCMM","商標疑い　Final Fantasy","true","false","false","2023-03-10 01:06:23","2023-03-10 01:06:23"
"ASIN","B00CR9WQLS","商標疑い　Final Fantasy","true","false","false","2023-03-10 01:06:27","2023-03-10 01:06:27"
"ASIN","B00D77BPK2","商標疑い　Final Fantasy","true","false","false","2023-03-10 01:06:31","2023-03-10 01:06:31"
"ASIN","B00FPH9LZS","商標疑い　Final Fantasy","true","false","false","2023-03-10 01:06:39","2023-03-10 01:06:39"
"ASIN","B00UMQ28MA","商標疑い　Final Fantasy","true","false","false","2023-03-10 01:06:43","2023-03-10 01:06:43"
"ASIN","B00U78SOTY","商標疑い　Final Fantasy","true","false","false","2023-03-10 01:06:46","2023-03-10 01:06:46"
"ASIN","B01DN9WFGG","商標疑い　Final Fantasy","true","false","false","2023-03-10 01:06:50","2023-03-10 01:06:50"
"ASIN","B07MJQPMZG","商標疑い　Final Fantasy","true","false","false","2023-03-10 01:06:55","2023-03-10 01:06:55"
"ASIN","B07MQK5L8V","商標疑い　Final Fantasy","true","false","false","2023-03-10 01:07:00","2023-03-10 01:07:00"
"ASIN","B01M02D5JU","商標疑い　Final Fantasy","true","false","false","2023-03-10 01:07:04","2023-03-10 01:07:04"
"ASIN","B01H361URU","商標疑い　Final Fantasy","true","false","false","2023-03-10 01:07:10","2023-03-10 01:07:10"
"ASIN","B07SJF1RGS","商標疑い　Final Fantasy","true","false","false","2023-03-10 01:07:15","2023-03-10 01:07:15"
"ASIN","B01N4Q17J1","商標疑い　Final Fantasy","true","false","false","2023-03-10 01:07:25","2023-03-10 01:07:25"
"ASIN","B00OSW4DWW","商標疑い　Final Fantasy","true","false","false","2023-03-10 01:07:30","2023-03-10 01:07:30"
"ASIN","B0013K69FG","商標疑い　Final Fantasy","true","false","false","2023-03-10 01:07:38","2023-03-10 01:07:38"
"ASIN","B00DQN6DMW","商標疑い　Final Fantasy","true","false","false","2023-03-10 01:07:42","2023-03-10 01:07:42"
"ASIN","B01LXKPCXH","商標疑い　Final Fantasy","true","false","false","2023-03-10 01:07:47","2023-03-10 01:07:47"
"ASIN","B075M68RJS","商標疑い　Final Fantasy","true","false","false","2023-03-10 01:07:51","2023-03-10 01:07:51"
"ASIN","B07JB4ZR2Y","商標疑い　Final Fantasy","true","false","false","2023-03-10 01:07:56","2023-03-10 01:07:56"
"ASIN","B00D3E560E","商標疑い　Final Fantasy","true","false","false","2023-03-10 01:08:00","2023-03-10 01:08:00"
"ASIN","B01GT0I3TO","商標疑い　Final Fantasy","true","false","false","2023-03-10 01:08:04","2023-03-10 01:08:04"
"ASIN","B014F9I7QA","商標疑い　TOYOTA","true","false","false","2023-03-10 01:08:32","2023-03-10 01:08:32"
"ASIN","B007QQT7UU","商標疑い　TOYOTA","true","false","false","2023-03-10 01:08:36","2023-03-10 01:08:36"
"ASIN","B007QC9RA4","商標疑い　TOYOTA","true","false","false","2023-03-10 01:08:41","2023-03-10 01:08:41"
"ASIN","B07X2MCC3Q","商標疑い　TOYOTA","true","false","false","2023-03-10 01:08:45","2023-03-10 01:08:45"
"ASIN","B07KG7R2W5","商標疑い　TOYOTA","true","false","false","2023-03-10 01:08:57","2023-03-10 01:08:57"
"ASIN","B00KHEKQEO","知財　Refa","true","false","false","2023-03-10 01:09:42","2023-03-10 01:09:42"
"ASIN","B075PNPP2K","知財　Refa","true","false","false","2023-03-10 01:09:47","2023-03-10 01:09:47"
"ASIN","B00KW6TS5A","知財　Refa","true","false","false","2023-03-10 01:09:51","2023-03-10 01:09:51"
"ASIN","B071DFV5H7","知財　Refa","true","false","false","2023-03-10 01:09:55","2023-03-10 01:09:55"
"ASIN","B07B4PRDDS","知財　Refa","true","false","false","2023-03-10 01:09:59","2023-03-10 01:09:59"
"BRAND","Refa","知財　Refa","true","false","false","2023-03-10 01:10:12","2024-06-16 10:16:04"
"BRAND","MTG","知財　MTG","true","false","false","2023-03-10 01:10:24","2023-03-10 01:10:46"
"BRAND","Beverly","知財","true","false","false","2023-03-10 01:12:46","2023-03-10 01:12:46"
"ASIN","B00ZQY71ZW","知財　Beverly","true","false","false","2023-03-10 01:13:03","2023-03-10 01:13:03"
"ASIN","B000RZCS5S","知財　Beverly","true","false","false","2023-03-10 01:13:09","2023-03-10 01:13:09"
"ASIN","B008DCQE8Y","知財　Beverly","true","false","false","2023-03-10 01:13:14","2023-03-10 01:13:14"
"ASIN","B0014Z4OWA","知財　Beverly","true","false","false","2023-03-10 01:13:18","2023-03-10 01:13:18"
"ASIN","B00775LVCM","知財　Beverly","true","false","false","2023-03-10 01:13:22","2023-03-10 01:13:22"
"ASIN","B00A8AL9ZW","知財　Beverly","true","false","false","2023-03-10 01:13:25","2023-03-10 01:13:25"
"ASIN","B00HZZQ8MW","知財　Beverly","true","false","false","2023-03-10 01:13:29","2023-03-10 01:13:29"
"ASIN","B00HZZQH78","知財　Beverly","true","false","false","2023-03-10 01:13:32","2023-03-10 01:13:32"
"ASIN","B00V2S0CS4","知財　Beverly","true","false","false","2023-03-10 01:13:36","2023-03-10 01:13:36"
"ASIN","B01CSCQ8GW","知財　Beverly","true","false","false","2023-03-10 01:13:40","2023-03-10 01:13:40"
"ASIN","B017X8GD84","知財　Beverly","true","false","false","2023-03-10 01:13:44","2023-03-10 01:13:44"
"ASIN","B01DXSY8YE","知財　Beverly","true","false","false","2023-03-10 01:13:48","2023-03-10 01:13:48"
"ASIN","B01LYHX96C","知財　Beverly","true","false","false","2023-03-10 01:13:52","2023-03-10 01:13:52"
"ASIN","B01HGJFM4Q","知財　Beverly","true","false","false","2023-03-10 01:13:56","2023-03-10 01:13:56"
"ASIN","B01KUTZ2SA","知財　Beverly","true","false","false","2023-03-10 01:14:00","2023-03-10 01:14:00"
"ASIN","B00HTT3RUK","知財　Beverly","true","false","false","2023-03-10 01:14:04","2023-03-10 01:14:04"
"ASIN","B00Q285HCA","知財　Beverly","true","false","false","2023-03-10 01:14:08","2023-03-10 01:14:08"
"ASIN","B00RB0BX26","知財　Beverly","true","false","false","2023-03-10 01:14:11","2023-03-10 01:14:11"
"ASIN","B01CSCQ7EU","知財　Beverly","true","false","false","2023-03-10 01:14:15","2023-03-10 01:14:15"
"ASIN","B01BGFZQM4","知財　Beverly","true","false","false","2023-03-10 01:14:19","2023-03-10 01:14:19"
"ASIN","B00U79OXBQ","知財　Beverly","true","false","false","2023-03-10 01:14:23","2023-03-10 01:14:23"
"ASIN","B00RB0C6YA","知財　Beverly","true","false","false","2023-03-10 01:14:27","2023-03-10 01:14:27"
"ASIN","B0014Z1G0S","知財　Beverly","true","false","false","2023-03-10 01:14:32","2023-03-10 01:14:32"
"ASIN","B06WRQVSVQ","知財　Beverly","true","false","false","2023-03-10 01:14:37","2023-03-10 01:14:37"
"ASIN","B00TYB3ZQ2","知財　Beverly","true","false","false","2023-03-10 01:14:41","2023-03-10 01:14:41"
"ASIN","B001F9F73A","知財　Brother","true","false","false","2023-03-10 01:14:47","2023-03-10 01:15:24"
"ASIN","B00DHATJKC","商標疑い　ワーナー・ブラザース・ホームエンターテイメント","true","false","false","2023-03-10 01:17:07","2023-03-10 01:17:07"
"ASIN","B00UW7YC6E","商標疑い　ワーナー・ブラザース・ホームエンターテイメント","true","false","false","2023-03-10 01:17:11","2023-03-10 01:17:11"
"ASIN","B076KRHH6P","商標疑い　ワーナー・ブラザース・ホームエンターテイメント","true","false","false","2023-03-10 01:17:15","2023-03-10 01:17:15"
"ASIN","B00M3PUWOY","商標疑い　ワーナー・ブラザース・ホームエンターテイメント","true","false","false","2023-03-10 01:17:19","2023-03-10 01:17:19"
"ASIN","B0056XAVO6","商標疑い　ワーナー・ブラザース・ホームエンターテイメント","true","false","false","2023-03-10 01:17:23","2023-03-10 01:17:23"
"ASIN","B004XUNL40","商標疑い　ワーナー・ブラザース・ホームエンターテイメント","true","false","false","2023-03-10 01:17:26","2023-03-10 01:17:26"
"ASIN","B004XUNL0O","商標疑い　ワーナー・ブラザース・ホームエンターテイメント","true","false","false","2023-03-10 01:17:31","2023-03-10 01:17:31"
"ASIN","B0056XAV00","商標疑い　ワーナー・ブラザース・ホームエンターテイメント","true","false","false","2023-03-10 01:17:36","2023-03-10 01:17:36"
"BRAND","CANARY","知財　長谷川刃物","true","false","false","2023-03-10 01:18:51","2023-03-10 01:18:51"
"BRAND","長谷川刃物","知財　長谷川刃物","true","false","false","2023-03-10 01:18:58","2023-03-10 01:18:58"
"ASIN","B003DY45XI","知財　長谷川刃物","true","false","false","2023-03-10 01:19:10","2023-03-10 01:19:10"
"ASIN","B003DY8CJ6","知財　長谷川刃物","true","false","false","2023-03-10 01:19:15","2023-03-10 01:19:15"
"ASIN","B003BYQC0Y","知財　長谷川刃物","true","false","false","2023-03-10 01:19:19","2023-03-10 01:19:19"
"ASIN","B004OCSDG8","知財　長谷川刃物","true","false","false","2023-03-10 01:19:23","2023-03-10 01:19:23"
"ASIN","B004OCSDJK","知財　長谷川刃物","true","false","false","2023-03-10 01:19:27","2023-03-10 01:19:27"
"ASIN","B0037W57EM","知財　長谷川刃物","true","false","false","2023-03-10 01:19:31","2023-03-10 01:19:31"
"ASIN","B0037W57F6","知財　長谷川刃物","true","false","false","2023-03-10 01:19:35","2023-03-10 01:19:35"
"ASIN","B0037W57JW","知財　長谷川刃物","true","false","false","2023-03-10 01:19:40","2023-03-10 01:19:40"
"ASIN","B0037W57KQ","知財　長谷川刃物","true","false","false","2023-03-10 01:19:45","2023-03-10 01:19:45"
"ASIN","B00178844S","知財　Citizen","true","false","false","2023-03-10 01:20:06","2023-03-10 01:20:06"
"ASIN","B00812EBEK","知財　Citizen","true","false","false","2023-03-10 01:20:10","2023-03-10 01:20:10"
"ASIN","B001789VOU","知財　Citizen","true","false","false","2023-03-10 01:20:16","2023-03-10 01:20:16"
"BRAND","Citizen","知財　Citizen","true","false","false","2023-03-10 01:20:25","2023-03-10 01:20:25"
"ASIN","B004GBWK02","知財　colorata","true","false","false","2023-03-10 01:21:09","2023-03-10 01:21:09"
"ASIN","B002E9BU36","知財　colorata","true","false","false","2023-03-10 01:21:16","2023-03-10 01:21:16"
"ASIN","B002E95XG6","知財　colorata","true","false","false","2023-03-10 01:21:22","2026-01-25 22:30:52"
"ASIN","B002E9DT3U","知財　colorata","true","false","false","2023-03-10 01:21:26","2023-03-10 01:21:26"
"ASIN","B002E95IGQ","知財　colorata","true","false","false","2023-03-10 01:21:30","2023-03-10 01:21:30"
"ASIN","B00XO686H6","知財　colorata","true","false","false","2023-03-10 01:21:34","2026-01-25 22:31:11"
"ASIN","B01M1NZR7U","知財　colorata","true","false","false","2023-03-10 01:21:39","2023-03-10 01:21:39"
"ASIN","B002E9A0OG","知財　colorata","true","false","false","2023-03-10 01:21:44","2023-03-10 01:21:44"
"ASIN","B002DWW50G","知財　colorata","true","false","false","2023-03-10 01:21:48","2023-03-10 01:21:48"
"ASIN","B005UT7TT6","知財　colorata","true","false","false","2023-03-10 01:21:52","2023-03-10 01:21:52"
"ASIN","B002E99YPW","知財　colorata","true","false","false","2023-03-10 01:21:57","2023-03-10 01:21:57"
"BRAND","colorata","知財　colorata","true","false","false","2023-03-10 01:22:13","2023-03-10 01:22:13"
"BRAND","Karorata","知財　colorata","true","false","false","2023-03-10 01:22:26","2023-03-10 01:22:26"
"ASIN","B0002UAI4G","商標疑い　Saint Seiya　聖闘士星矢","true","false","false","2023-03-10 01:28:33","2023-03-10 01:28:33"
"ASIN","B00030950S","商標疑い　Saint Seiya　聖闘士星矢","true","false","false","2023-03-10 01:28:51","2023-03-10 01:28:51"
"ASIN","B000LC57EG","商標疑い　Saint Seiya　聖闘士星矢","true","false","false","2023-03-10 01:29:07","2023-03-10 01:29:07"
"ASIN","B000NP88ZQ","商標疑い　Saint Seiya　聖闘士星矢","true","false","false","2023-03-10 01:29:21","2023-03-10 01:29:21"
"ASIN","B001BW4WXW","商標疑い　Saint Seiya　聖闘士星矢","true","false","false","2023-03-10 01:29:35","2023-03-10 01:29:35"
"ASIN","B000YQP5WS","商標疑い　Saint Seiya　聖闘士星矢","true","false","false","2023-03-10 01:29:50","2023-03-10 01:29:50"
"ASIN","B000WOYF4G","商標疑い　Saint Seiya　聖闘士星矢","true","false","false","2023-03-10 01:36:10","2023-03-10 01:36:10"
"ASIN","B003F256OA","商標疑い　Saint Seiya　聖闘士星矢","true","false","false","2023-03-10 01:36:23","2023-03-10 01:36:23"
"ASIN","B00OZ5ID6O","商標疑い　Saint Seiya　聖闘士星矢","true","false","false","2023-03-10 01:36:31","2023-03-10 01:36:31"
"ASIN","B00M9UTA3M","商標疑い　Saint Seiya　聖闘士星矢","true","false","false","2023-03-10 01:36:51","2023-03-10 01:36:51"
"ASIN","B01B5F75ME","商標疑い　Saint Seiya　聖闘士星矢","true","false","false","2023-03-10 01:37:10","2023-03-10 01:37:10"
"ASIN","B07P7P9XZV","商標疑い　Saint Seiya　聖闘士星矢","true","false","false","2023-03-10 01:37:20","2023-03-10 01:37:20"
"ASIN","B000Z1W322","商標疑い　Saint Seiya　聖闘士星矢","true","false","false","2023-03-10 01:37:34","2023-03-10 01:37:34"
"ASIN","B001V7JH3W","商標疑い　Saint Seiya　聖闘士星矢","true","false","false","2023-03-10 01:37:47","2023-03-10 01:37:47"
"ASIN","B003BZTPES","商標疑い　Saint Seiya　聖闘士星矢","true","false","false","2023-03-10 01:38:02","2023-03-10 01:38:02"
"ASIN","B008BZLEH4","商標疑い　Saint Seiya　聖闘士星矢","true","false","false","2023-03-10 01:38:12","2023-03-10 01:38:12"
"ASIN","B00OZUYBWO","商標疑い　Saint Seiya　聖闘士星矢","true","false","false","2023-03-10 01:38:23","2023-03-10 03:20:35"
"ASIN","B074DYG1HV","商標疑い　フォード","true","false","false","2023-03-10 03:03:38","2023-03-10 03:03:38"
"ASIN","B06XZR4Q6S","商標疑い　Saint Seiya　聖闘士星矢","true","false","false","2023-03-10 03:20:36","2023-05-04 03:23:09"
"ASIN","B0007NOMN6","商標疑い　Saint Seiya　聖闘士星矢","true","false","false","2023-03-10 03:20:44","2023-03-10 03:20:44"
"ASIN","B07D272MCP","商標疑い　Saint Seiya　聖闘士星矢","true","false","false","2023-03-10 03:20:53","2023-03-10 03:20:53"
"ASIN","B0104YEVM4","商標疑い　Saint Seiya　聖闘士星矢","true","false","false","2023-03-10 03:21:42","2023-03-10 03:21:42"
"ASIN","B078463K7T","商標疑い　Saint Seiya　聖闘士星矢","true","false","false","2023-03-10 03:21:50","2023-03-10 03:21:50"
"ASIN","B000OCZ0O0","商標疑い　Saint Seiya　聖闘士星矢","true","false","false","2023-03-10 03:22:21","2023-03-10 03:22:21"
"ASIN","B000OCZ0N6","商標疑い　Saint Seiya　聖闘士星矢","true","false","false","2023-03-10 03:22:28","2023-03-10 03:22:28"
"ASIN","B00N4G5LXI","商標疑い　Saint Seiya　聖闘士星矢","true","false","false","2023-03-10 03:22:50","2023-03-10 03:22:50"
"ASIN","B00YDYWGOW","商標疑い　Saint Seiya　聖闘士星矢","true","false","false","2023-03-10 03:23:04","2023-03-10 03:23:04"
"ASIN","B01B5F75F6","商標疑い　Saint Seiya　聖闘士星矢","true","false","false","2023-03-10 03:23:12","2023-03-10 03:23:12"
"ASIN","B01EPJ2TQE","商標疑い　Saint Seiya　聖闘士星矢","true","false","false","2023-03-10 03:23:20","2023-03-10 03:23:20"
"ASIN","B01MQ5V4KS","商標疑い　Saint Seiya　聖闘士星矢","true","false","false","2023-03-10 03:23:33","2023-03-10 03:23:33"
"ASIN","B06XXLHGRD","商標疑い　Saint Seiya　聖闘士星","true","false","false","2023-03-10 03:24:59","2023-03-10 03:24:59"
"ASIN","B073JQDLMC","商標疑い　Saint Seiya　聖闘士星","true","false","false","2023-03-10 03:25:15","2023-03-10 03:25:15"
"ASIN","B01L8S3WHK","商標疑い　Saint Seiya　聖闘士星","true","false","false","2023-03-10 03:25:31","2023-03-10 03:25:31"
"ASIN","B01MRRP28T","商標疑い　Saint Seiya　聖闘士星","true","false","false","2023-03-10 03:25:39","2023-03-10 03:25:39"
"ASIN","B07B4554SQ","商標疑い　Saint Seiya　聖闘士星","true","false","false","2023-03-10 03:25:59","2023-03-10 03:25:59"
"ASIN","B000O1O7MM","商標疑い　Saint Seiya　聖闘士星","true","false","false","2023-03-10 03:26:13","2023-03-10 03:26:13"
"ASIN","B000O1O7MW","商標疑い　Saint Seiya　聖闘士星","true","false","false","2023-03-10 03:26:28","2023-03-10 03:26:28"
"ASIN","B00A2EWNE0","商標疑い　Saint Seiya　聖闘士星","true","false","false","2023-03-10 03:26:37","2023-03-10 03:26:37"
"ASIN","B07K1GX426","商標疑い　Saint Seiya　聖闘士星","true","false","false","2023-03-10 03:27:07","2023-03-10 03:27:07"
"ASIN","B07N873X7R","商標疑い　Saint Seiya　聖闘士星","true","false","false","2023-03-10 03:27:13","2023-03-10 03:27:13"
"ASIN","B07DJF2W6H","商標疑い　Saint Seiya　聖闘士星","true","false","false","2023-03-10 03:27:20","2023-03-10 03:27:20"
"ASIN","B07QJMYG7M","商標疑い　Saint Seiya　聖闘士星","true","false","false","2023-03-10 03:27:34","2023-03-10 03:27:34"
"ASIN","B0029Z23DG","商標疑い　Saint Seiya　聖闘士星","true","false","false","2023-03-10 03:27:53","2023-03-10 03:27:53"
"ASIN","B0009UCB80","商標疑い　Saint Seiya　聖闘士星","true","false","false","2023-03-10 03:28:05","2023-03-10 03:28:05"
"ASIN","B000EF5KN8","商標疑い　Saint Seiya　聖闘士星","true","false","false","2023-03-10 03:28:15","2023-03-10 03:28:15"
"ASIN","B0018OAF20","商標疑い　Saint Seiya　聖闘士星","true","false","false","2023-03-10 03:28:34","2023-03-10 03:28:34"
"ASIN","B003JPAODQ","商標疑い　Saint Seiya　聖闘士星","true","false","false","2023-03-10 03:28:38","2023-03-10 03:28:38"
"ASIN","B00CM4V9SY","商標疑い　Saint Seiya　聖闘士星","true","false","false","2023-03-10 03:28:53","2023-03-10 03:28:53"
"ASIN","B01GCACCN4","商標疑い　Saint Seiya　聖闘士星","true","false","false","2023-03-10 03:29:01","2023-03-10 03:29:01"
"ASIN","B01LWQ78TM","商標疑い　Saint Seiya　聖闘士星","true","false","false","2023-03-10 03:29:16","2023-03-10 03:29:16"
"ASIN","B003ESI80E","商標疑い　Saint Seiya　聖闘士B003ESI80E","true","false","false","2023-03-10 03:29:35","2023-03-10 03:29:35"
"ASIN","B00CNFK1AE","商標疑い　Saint Seiya　聖闘士B003ESI80E","true","false","false","2023-03-10 03:29:39","2023-03-10 03:29:39"
"ASIN","B00EZTLUCE","商標疑い　Saint Seiya　聖闘士B003ESI80E","true","false","false","2023-03-10 03:29:48","2023-03-10 03:29:48"
"ASIN","B004UKWN9W","商標疑い　Saint Seiya　聖闘士B003ESI80E","true","false","false","2023-03-10 03:29:56","2023-03-10 03:29:56"
"ASIN","B072L5FDD3","商標疑い　Saint Seiya　聖闘士B003ESI80E","true","false","false","2023-03-10 03:30:03","2023-03-10 03:30:03"
"ASIN","B00DONFD8Y","商標疑い　Saint Seiya　聖闘士B003ESI80E","true","false","false","2023-03-10 03:30:11","2023-03-10 03:30:11"
"ASIN","B00FGMT9UE","商標疑い　Saint Seiya　聖闘士B003ESI80E","true","false","false","2023-03-10 03:30:19","2023-03-10 03:30:19"
"ASIN","B00JX9S0EW","商標疑い　Saint Seiya　聖闘士B003ESI80E","true","false","false","2023-03-10 03:30:26","2023-03-10 03:30:26"
"ASIN","B00U5JZDLM","商標疑い　Saint Seiya　聖闘士B003ESI80E","true","false","false","2023-03-10 03:30:35","2023-03-10 03:30:35"
"ASIN","B01L8S48ZA","商標疑い　Saint Seiya　聖闘士B003ESI80E","true","false","false","2023-03-10 03:30:47","2023-03-10 03:30:47"
"ASIN","B079HMH43B","商標疑い　SANRIO","true","false","false","2023-03-10 03:32:28","2023-03-10 03:32:28"
"ASIN","B00CTAL2XI","知財　SANRIO","true","false","false","2023-03-10 03:33:00","2023-03-10 03:33:00"
"ASIN","B00HF7JRGE","知財　SUZUKI","true","false","false","2023-03-10 03:33:35","2023-03-10 03:33:35"
"ASIN","B07MMRF1H1","知財　SUZUKI","true","false","false","2023-03-10 03:33:44","2023-03-10 03:33:44"
"ASIN","B00122N5QQ","知財　Tojiro","true","false","false","2023-03-10 03:34:02","2023-03-10 03:34:02"
"ASIN","B07ZCPHH6W","専用BOX無","true","false","false","2023-03-13 06:01:53","2023-03-13 06:01:53"
"BRAND","NexiGo","メーカー直売","true","false","false","2023-03-14 05:45:07","2023-03-14 05:45:07"
"BRAND","MONTBLANC","知財","true","false","false","2023-03-20 00:36:09","2023-03-20 00:36:09"
"ASIN","B00G8Y4ZJE","知財疑い","true","false","false","2023-03-22 05:00:42","2023-03-22 05:00:42"
"ASIN","B002OAPKE0","知財疑い","true","false","false","2023-03-23 01:04:14","2023-03-23 01:04:14"
"BRAND","vittoria","ブランド警告 封書","true","false","false","2023-04-26 22:33:48","2023-04-26 22:33:48"
"ASIN","B007EGYEDM","CASIO","true","false","false","2023-04-28 09:32:51","2023-04-28 09:32:51"
"ASIN","B00BSNQKA2","CASIO","true","false","false","2023-04-28 09:33:08","2023-04-28 09:33:08"
"ASIN","B0747JJG8S","CASIO","true","false","false","2023-04-28 09:33:19","2023-04-28 09:33:19"
"ASIN","B01MSACPRE","CASIO","true","false","false","2023-04-28 09:33:29","2023-04-28 09:33:29"
"ASIN","B005EJGOCU","CASIO","true","false","false","2023-04-28 09:33:37","2023-04-28 09:33:37"
"ASIN","4088815408","本","true","false","false","2023-04-28 09:36:03","2023-04-28 09:36:03"
"ASIN","4091250157","本","true","false","false","2023-04-28 09:36:10","2023-04-28 09:36:10"
"ASIN","B07KYPNYMP","PS4","true","false","false","2023-04-28 09:36:44","2023-04-28 09:36:44"
"ASIN","B01CYYFWW0","PS4","true","false","false","2023-04-28 09:36:56","2023-04-28 09:36:56"
"ASIN","B00MU1YEZY","PS4","true","false","false","2023-04-28 09:37:21","2023-04-28 09:37:21"
"ASIN","B00MEXP5BK","PS4","true","false","false","2023-04-28 09:37:32","2023-04-28 09:37:32"
"ASIN","B00WZWPOZM","PS4","true","false","false","2023-04-28 09:37:41","2023-04-28 09:37:41"
"ASIN","B07DR2LS4Z","PS4","true","false","false","2023-04-28 09:37:49","2023-04-28 09:37:49"
"ASIN","B01LVXM423","ENSKY","true","false","false","2023-04-28 09:38:15","2023-04-28 09:38:15"
"ASIN","B01LW5D7UJ","不明","true","false","false","2023-04-28 09:39:06","2023-04-28 09:39:06"
"ASIN","B01LX8YGWN","不明","true","false","false","2023-04-28 09:39:22","2023-04-28 09:39:22"
"ASIN","B01M19LJN9","Panasonic","true","false","false","2023-04-28 09:40:02","2023-04-28 09:40:02"
"ASIN","B00030EUQ2","要SDS","true","false","false","2023-04-28 09:40:27","2023-04-28 09:40:27"
"ASIN","B000A41FPA","Totoro 知財疑い","true","false","false","2023-05-03 03:58:15","2023-05-03 03:58:48"
"ASIN","B000C5ESM4","Totoro 知財疑い","true","false","false","2023-05-03 03:58:53","2023-05-03 03:58:53"
"ASIN","B000WLXYIM","Totoro 知財疑い","true","false","false","2023-05-03 03:58:58","2023-05-03 03:58:58"
"ASIN","B009ICTJSK","Totoro 知財疑い","true","false","false","2023-05-03 03:59:02","2023-05-03 03:59:02"
"ASIN","B002UGMG04","Kingdom Hearts 知財疑い","true","false","false","2023-05-03 03:59:27","2023-05-03 03:59:27"
"ASIN","B003BIELQC","Kingdom Hearts 知財疑い","true","false","false","2023-05-03 03:59:32","2023-05-03 03:59:32"
"ASIN","B003BIELQW","Kingdom Hearts 知財疑い","true","false","false","2023-05-03 03:59:36","2023-05-03 03:59:36"
"ASIN","B003BIELR6","Kingdom Hearts 知財疑い","true","false","false","2023-05-03 03:59:40","2023-05-03 03:59:40"
"ASIN","B003VQS62O","Kingdom Hearts 知財疑い","true","false","false","2023-05-03 03:59:43","2026-01-25 22:32:07"
"ASIN","B008KIMPLQ","Kingdom Hearts 知財疑い","true","false","false","2023-05-03 03:59:47","2023-05-03 03:59:47"
"ASIN","B07949WJTC","Kingdom Hearts 知財疑い","true","false","false","2023-05-03 03:59:52","2023-05-03 03:59:52"
"ASIN","B07FTNDYBZ","Kingdom Hearts 知財疑い","true","false","false","2023-05-03 03:59:55","2023-05-03 03:59:55"
"ASIN","B07GTGNWR8","Kingdom Hearts 知財疑い","true","false","false","2023-05-03 04:00:00","2026-01-25 22:32:27"
"ASIN","B07HCNQ2SD","Kingdom Hearts 知財疑い","true","false","false","2023-05-03 04:00:03","2023-05-03 04:00:03"
"ASIN","B07N1NRL5J","Kingdom Hearts 知財疑い","true","false","false","2023-05-03 04:00:07","2023-05-03 04:00:07"
"ASIN","B07QCYN6RX","Kingdom Hearts 知財疑い","true","false","false","2023-05-03 04:00:11","2023-05-03 04:00:11"
"ASIN","B00BT3D0BS","Kingdom Hearts 知財疑い","true","false","false","2023-05-03 04:00:15","2023-05-03 04:00:15"
"ASIN","B07535HFZ7","Kingdom Hearts 知財疑い","true","false","false","2023-05-03 04:00:21","2023-05-03 04:00:21"
"ASIN","B00HF49HXK","Kingdom Hearts 知財疑い","true","false","false","2023-05-03 04:00:25","2023-05-03 04:00:25"
"ASIN","B007UM4R00","Kingdom Hearts 知財疑い","true","false","false","2023-05-03 04:00:28","2023-05-03 04:00:28"
"ASIN","B000FPV85Q","Kingdom Hearts 知財疑い","true","false","false","2023-05-03 04:00:32","2023-05-03 04:00:32"
"ASIN","B00DNLV62E","Kingdom Hearts 知財疑い","true","false","false","2023-05-03 04:00:38","2023-05-03 04:00:38"
"ASIN","B07M95RQJ1","Kingdom Hearts 知財疑い","true","false","false","2023-05-03 04:00:42","2023-05-03 04:00:42"
"ASIN","B005EVC38M","Kingdom Hearts 知財疑い","true","false","false","2023-05-03 04:00:47","2023-05-03 04:00:47"
"ASIN","B009WRROJM","Kingdom Hearts 知財疑い","true","false","false","2023-05-03 04:00:51","2023-05-03 04:00:51"
"ASIN","B00BHRL0PO","Kingdom Hearts 知財疑い","true","false","false","2023-05-03 04:00:55","2023-05-03 04:00:55"
"ASIN","B00JPIQTCQ","Kingdom Hearts 知財疑い","true","false","false","2023-05-03 04:00:58","2023-05-03 04:00:58"
"ASIN","B00JPIQU2A","CASIO 知財疑い","true","false","false","2023-05-03 04:01:21","2023-05-03 04:01:21"
"ASIN","B00JPIQU2K","CASIO 知財疑い","true","false","false","2023-05-03 04:01:25","2023-05-03 04:01:25"
"ASIN","B00B20AG3S","Pokemon 知財疑い","true","false","false","2023-05-03 04:02:14","2023-05-03 04:02:14"
"ASIN","B00B20ANYK","Pokemon 知財疑い","true","false","false","2023-05-03 04:02:18","2023-05-03 04:02:18"
"ASIN","B00SIRG3E4","Pokemon 知財疑い","true","false","false","2023-05-03 04:02:21","2023-05-03 04:02:21"
"ASIN","B010SDJL2G","Pokemon 知財疑い","true","false","false","2023-05-03 04:02:25","2023-05-03 04:02:25"
"ASIN","B0133R493A","Pokemon 知財疑い","true","false","false","2023-05-03 04:02:29","2023-05-03 04:02:29"
"ASIN","B01GHBG2U2","Pokemon 知財疑い","true","false","false","2023-05-03 04:02:33","2023-05-03 04:02:33"
"ASIN","B01JICDOHG","Pokemon 知財疑い","true","false","false","2023-05-03 04:02:37","2023-05-03 04:02:37"
"ASIN","B01LY06WAN","Pokemon 知財疑い","true","false","false","2023-05-03 04:02:40","2023-05-03 04:02:40"
"ASIN","B01LYZ7BCC","Pokemon 知財疑い","true","false","false","2023-05-03 04:02:44","2023-05-03 04:02:44"
"ASIN","B01M0XMV6S","Pokemon 知財疑い","true","false","false","2023-05-03 04:02:48","2023-05-03 04:02:48"
"ASIN","B01M0XNAM2","Pokemon 知財疑い","true","false","false","2023-05-03 04:02:54","2023-05-03 04:02:54"
"ASIN","B01M19A0BV","Pokemon 知財疑い","true","false","false","2023-05-03 04:02:58","2023-05-03 04:02:58"
"ASIN","B01M1V8XND","Pokemon 知財疑い","true","false","false","2023-05-03 04:03:02","2023-05-03 04:03:02"
"ASIN","B01MQ1YGAL","Pokemon 知財疑い","true","false","false","2023-05-03 04:03:05","2023-05-03 04:03:05"
"ASIN","B01N9W0GKY","Pokemon 知財疑い","true","false","false","2023-05-03 04:03:10","2023-05-03 04:03:10"
"ASIN","B07123X8RN","Pokemon 知財疑い","true","false","false","2023-05-03 04:03:13","2023-05-03 04:03:13"
"ASIN","B074DZFDYS","Pokemon 知財疑い","true","false","false","2023-05-03 04:03:17","2023-05-03 04:03:17"
"ASIN","B074F13F9T","Pokemon 知財疑い","true","false","false","2023-05-03 04:03:20","2023-05-03 04:03:20"
"ASIN","B076WWSWV3","Pokemon 知財疑い","true","false","false","2023-05-03 04:03:24","2023-05-03 04:03:24"
"ASIN","B077SNL6GC","Pokemon 知財疑い","true","false","false","2023-05-03 04:03:28","2023-05-03 04:03:28"
"ASIN","B079B9JZ93","Pokemon 知財疑い","true","false","false","2023-05-03 04:03:32","2023-05-03 04:03:32"
"ASIN","B079BDFD8W","Pokemon 知財疑い","true","false","false","2023-05-03 04:03:35","2023-05-03 04:03:35"
"ASIN","B079BJ2TW2","Pokemon 知財疑い","true","false","false","2023-05-03 04:03:39","2023-05-03 04:03:39"
"ASIN","B07BNKFWB8","Pokemon 知財疑い","true","false","false","2023-05-03 04:03:42","2023-05-03 04:07:50"
"ASIN","B07CZVSHHR","Pokemon 知財疑い","true","false","false","2023-05-03 04:03:48","2023-05-03 04:03:48"
"ASIN","B07DCR4X7F","Pokemon 知財疑い","true","false","false","2023-05-03 04:03:55","2023-05-03 04:03:55"
"ASIN","B07DCRJNS6","Pokemon 知財疑い","true","false","false","2023-05-03 04:03:59","2023-05-03 04:03:59"
"ASIN","B07JZZMTHY","Pokemon 知財疑い","true","false","false","2023-05-03 04:04:05","2023-05-03 04:04:05"
"ASIN","B07KX5TPN1","Pokemon 知財疑い","true","false","false","2023-05-03 04:04:09","2023-05-03 04:04:09"
"ASIN","B07N3MVW4W","Pokemon 知財疑い","true","false","false","2023-05-03 04:04:13","2023-05-03 04:04:13"
"ASIN","B07NQF5J2J","Pokemon 知財疑い","true","false","false","2023-05-03 04:04:16","2023-05-03 04:04:16"
"ASIN","B07P5FZ8JV","Pokemon 知財疑い","true","false","false","2023-05-03 04:04:20","2023-05-03 04:04:20"
"ASIN","B07PQCV4P1","Pokemon 知財疑い","true","false","false","2023-05-03 04:04:24","2023-05-03 04:04:24"
"ASIN","B07RPXL5QK","Pokemon 知財疑い","true","false","false","2023-05-03 04:04:27","2023-05-03 04:04:27"
"ASIN","B07SQWM1QH","Pokemon 知財疑い","true","false","false","2023-05-03 04:04:31","2023-05-03 04:04:31"
"ASIN","B07XFMSXXF","Pokemon 知財疑い","true","false","false","2023-05-03 04:04:34","2023-05-03 04:04:34"
"ASIN","B07YDQD9QL","Pokemon 知財疑い","true","false","false","2023-05-03 04:04:39","2023-05-03 04:04:39"
"ASIN","B07YDQH2L9","Pokemon 知財疑い","true","false","false","2023-05-03 04:04:43","2023-05-03 04:04:43"
"ASIN","B07YDQYLVR","Pokemon 知財疑い","true","false","false","2023-05-03 04:04:48","2023-05-03 04:04:48"
"ASIN","B07YDRTG5Q","Pokemon 知財疑い","true","false","false","2023-05-03 04:04:52","2023-05-03 04:04:52"
"ASIN","B07ZJJZ4QQ","Pokemon 知財疑い","true","false","false","2023-05-03 04:04:56","2023-05-03 04:04:56"
"ASIN","B07ZQ2V4FM","Pokemon 知財疑い","true","false","false","2023-05-03 04:04:59","2023-05-03 04:04:59"
"ASIN","B07ZQ3BL61","Pokemon 知財疑い","true","false","false","2023-05-03 04:05:04","2023-05-03 04:05:04"
"ASIN","B08DR62S4D","Pokemon 知財疑い","true","false","false","2023-05-03 04:05:08","2023-05-03 04:05:08"
"ASIN","B08DR8VYB5","Pokemon 知財疑い","true","false","false","2023-05-03 04:05:12","2023-05-03 04:05:12"
"ASIN","B01CI6XJRY","Pokemon 知財疑い","true","false","false","2023-05-03 04:05:15","2023-05-03 04:05:15"
"ASIN","B00515JTR4","Pokemon 知財疑い","true","false","false","2023-05-03 04:05:20","2023-05-03 04:05:20"
"ASIN","B0009AFN4E","Pokemon 知財疑い","true","false","false","2023-05-03 04:05:23","2023-05-03 04:05:23"
"ASIN","B0009AFN4Y","Pokemon 知財疑い","true","false","false","2023-05-03 04:05:29","2023-05-03 04:05:29"
"ASIN","B00DSLSBLI","Pokemon 知財疑い","true","false","false","2023-05-03 04:05:33","2023-05-03 04:05:33"
"ASIN","B00DSLS9O2","Pokemon 知財疑い","true","false","false","2023-05-03 04:05:36","2023-05-03 04:05:36"
"ASIN","B000GTAX48","Pokemon 知財疑い","true","false","false","2023-05-03 04:05:40","2023-05-03 04:05:40"
"ASIN","B000ZIXHXY","Pokemon 知財疑い","true","false","false","2023-05-03 04:05:44","2023-05-03 04:05:44"
"ASIN","B002COJDP0","Pokemon 知財疑い","true","false","false","2023-05-03 04:05:48","2023-05-03 04:05:48"
"ASIN","B00DSZ0540","Pokemon 知財疑い","true","false","false","2023-05-03 04:05:52","2023-05-03 04:05:52"
"ASIN","B07QWKMLPG","Pokemon 知財疑い","true","false","false","2023-05-03 04:05:57","2023-05-03 04:05:57"
"BRAND","Tombow","知財　Tombow","true","false","false","2023-05-03 04:06:34","2023-05-03 04:06:34"
"BRAND","Tojiro","知財　Tojiro","false","false","false","2023-05-03 04:06:56","2025-05-04 05:37:09"
"ASIN","B07KYLSD63","Pokemon 知財疑い","true","false","false","2023-05-03 04:07:59","2023-05-03 04:07:59"
"ASIN","B00D1GMJ40","Pokemon 知財疑い","true","false","false","2023-05-03 04:08:03","2023-05-03 04:08:03"
"ASIN","B00G2T4LGC","Pokemon 知財疑い","true","false","false","2023-05-03 04:08:06","2023-05-03 04:08:06"
"ASIN","B0183EPLVW","Pokemon 知財疑い","true","false","false","2023-05-03 04:08:09","2023-05-03 04:08:09"
"ASIN","B073FV5M8K","Pokemon 知財疑い","true","false","false","2023-05-03 04:08:13","2023-05-03 04:08:13"
"ASIN","B075F32KGN","Pokemon 知財疑い","true","false","false","2023-05-03 04:08:19","2023-05-03 04:08:19"
"ASIN","B015XA9CBE","Pokemon 知財疑い","true","false","false","2023-05-03 04:08:25","2023-05-03 04:08:25"
"ASIN","B00OZ5PPPG","Pokemon 知財疑い","true","false","false","2023-05-03 04:08:29","2023-05-03 04:08:29"
"ASIN","B00QSWOV5E","Pokemon 知財疑い","true","false","false","2023-05-03 04:08:33","2023-05-03 04:08:33"
"ASIN","B072JYVC6C","Pokemon 知財疑い","true","false","false","2023-05-03 04:08:40","2023-05-03 04:08:40"
"ASIN","B07FD2HSLT","Pokemon 知財疑い","true","false","false","2023-05-03 04:08:43","2023-05-03 04:08:43"
"ASIN","B00991MME8","Pokemon 知財疑い","true","false","false","2023-05-03 04:08:47","2023-05-03 04:08:47"
"ASIN","B01JICGCSE","Pokemon 知財疑い","true","false","false","2023-05-03 04:08:50","2023-05-03 04:08:50"
"ASIN","B06XWVDL45","Pokemon 知財疑い","true","false","false","2023-05-03 04:08:55","2023-05-03 04:08:55"
"ASIN","B077YLW5N3","Pokemon 知財疑い","true","false","false","2023-05-03 04:08:59","2023-05-03 04:08:59"
"ASIN","B07HLYYX2F","Pokemon 知財疑い","true","false","false","2023-05-03 04:09:03","2023-05-03 04:09:03"
"ASIN","B07BL29X3D","Pokemon 知財疑い","true","false","false","2023-05-03 04:09:07","2023-05-03 04:09:07"
"ASIN","B07XRTJV5S","Pokemon 知財疑い","true","false","false","2023-05-03 04:09:12","2023-05-03 04:09:12"
"ASIN","B082M9F64V","Pokemon 知財疑い","true","false","false","2023-05-03 04:09:16","2023-05-03 04:09:16"
"ASIN","B07KYWRWKY","Pokemon 知財疑い","true","false","false","2023-05-03 04:09:19","2023-05-03 04:09:19"
"ASIN","B07KGDX9F4","Pokemon 知財疑い","true","false","false","2023-05-03 04:09:23","2023-05-03 04:09:23"
"ASIN","B07KG9F2Z2","Pokemon 知財疑い","true","false","false","2023-05-03 04:09:27","2023-05-03 04:09:27"
"ASIN","B07XRWC5S4","Pokemon 知財疑い","true","false","false","2023-05-03 04:09:31","2023-05-03 04:09:31"
"ASIN","B07SKVZ245","Pokemon 知財疑い","true","false","false","2023-05-03 04:09:35","2026-01-25 22:32:36"
"ASIN","B07DNCWFMS","Pokemon 知財疑い","true","false","false","2023-05-03 04:09:39","2023-05-03 04:09:39"
"ASIN","B07DNDF1CX","Pokemon 知財疑い","true","false","false","2023-05-03 04:09:42","2023-05-03 04:09:42"
"ASIN","B07KYHTVXL","Pokemon 知財疑い","true","false","false","2023-05-03 04:09:46","2023-05-03 04:09:46"
"ASIN","B01N1U75K0","Pokemon 知財疑い","true","false","false","2023-05-03 04:09:51","2023-05-03 04:09:51"
"ASIN","B07FJXSSRC","Pokemon 知財疑い","true","false","false","2023-05-03 04:09:54","2023-05-03 04:09:54"
"ASIN","B07KYRMTYX","Pokemon 知財疑い","true","false","false","2023-05-03 04:09:58","2023-05-03 04:09:58"
"ASIN","B00DDE5OFQ","Pokemon 知財疑い","true","false","false","2023-05-03 04:10:02","2023-05-03 04:10:02"
"ASIN","B07ZQ3QNK3","Pokemon 知財疑い","true","false","false","2023-05-03 04:10:07","2023-05-03 04:10:07"
"ASIN","B00JT2QB62","Pokemon 知財疑い","true","false","false","2023-05-03 04:10:10","2023-05-03 04:10:10"
"ASIN","B0169LGIY0","Pokemon 知財疑い","true","false","false","2023-05-03 04:10:17","2023-05-03 04:10:17"
"ASIN","B07L2TQ2DF","Pokemon 知財疑い","true","false","false","2023-05-03 04:10:23","2023-05-03 04:10:23"
"ASIN","B075KJ5LDG","Pokemon 知財疑い","true","false","false","2023-05-03 04:10:27","2023-05-03 04:10:27"
"ASIN","B07L45D4S5","商標疑い　ZELDA","true","false","false","2023-05-04 02:35:44","2023-05-04 02:35:44"
"BRAND","Beats","知財","true","false","false","2023-05-04 02:59:01","2023-05-04 02:59:01"
"BRAND","MANIC PANIC","知財","true","false","false","2023-05-04 02:59:22","2023-05-04 02:59:22"
"BRAND","MANICPANIC","知財","true","false","false","2023-05-04 02:59:32","2023-05-04 02:59:32"
"BRAND","Mercedes","知財","true","false","false","2023-05-04 03:00:00","2023-05-04 03:00:00"
"BRAND","Nissan","知財","true","false","false","2023-05-04 03:10:33","2023-05-04 03:10:33"
"BRAND","Adidas","知財","true","false","false","2023-05-04 03:14:05","2023-05-04 03:14:05"
"ASIN","B07DJS42XX","商標疑い　Saint Seiya　聖闘士星矢","true","false","false","2023-05-04 03:22:38","2023-05-04 03:27:07"
"ASIN","B004D2GCR6","Transparency","true","false","false","2023-05-09 21:28:26","2023-05-09 21:28:26"
"ASIN","B001TPJARE","Transparency","true","false","false","2023-05-09 21:29:02","2023-05-09 21:29:02"
"BRAND","Shapton","Transparency","true","false","false","2023-05-09 21:29:20","2023-05-09 21:29:20"
"ASIN","B01B99WWXI","Verbatim","true","false","false","2023-05-10 05:01:54","2023-05-10 05:01:54"
"ASIN","B09H7TCP7J","送料オーバー","true","false","false","2023-05-11 03:05:34","2023-05-11 03:05:34"
"ASIN","B081H8FW5Q","送料オーバー","true","false","false","2023-05-12 07:20:59","2023-05-12 07:20:59"
"ASIN","B07VTDGGCN","知財疑い Level5","true","false","false","2023-05-15 23:13:39","2023-05-15 23:13:39"
"ASIN","B01N7TGKYE","商標ロゴ不正使用 Nintendo","true","false","false","2023-05-15 23:17:47","2023-05-15 23:17:47"
"ASIN","B00C1Y9ND8","コンプライアンス","true","false","false","2023-05-15 23:37:06","2023-05-15 23:37:06"
"BRAND","Otamatone","CUBE","true","false","false","2023-05-17 05:33:30","2023-05-17 05:33:30"
"BRAND","CUBE","Otamatone","true","false","false","2023-05-17 05:33:49","2023-05-17 05:33:49"
"ASIN","B00ZZ70KMG","ピンポイント","true","false","false","2023-05-17 05:52:30","2023-05-17 05:52:30"
"ASIN","B005Q4LU1I","ピンポイント","true","false","false","2023-05-17 05:52:35","2023-05-17 05:52:35"
"ASIN","B00ECVA84Q","ピンポイント","true","false","false","2023-05-17 05:52:40","2023-05-17 05:52:40"
"ASIN","B01GFKOG3U","ピンポイント","true","false","false","2023-05-17 05:52:45","2023-05-17 05:52:45"
"ASIN","B009YZ8IEW","ピンポイント","true","false","false","2023-05-17 05:52:49","2023-05-17 05:52:49"
"ASIN","B00LP0FF3Q","ピンポイント","true","false","false","2023-05-17 05:52:55","2023-05-17 05:52:55"
"ASIN","B07C5BZ97G","ピンポイント","true","false","false","2023-05-17 05:52:59","2023-05-17 05:52:59"
"ASIN","B07C5K81F5","ピンポイント","true","false","false","2023-05-17 05:53:06","2023-05-17 05:53:06"
"ASIN","B07C5CQJ44","ピンポイント","true","false","false","2023-05-17 05:53:09","2023-05-17 05:53:09"
"ASIN","B00CL26MA2","ピンポイント","true","false","false","2023-05-17 05:53:14","2023-05-17 05:53:14"
"ASIN","B0759DV5R5","ピンポイント","true","false","false","2023-05-17 05:53:18","2023-05-17 05:53:18"
"ASIN","B07BB59942","ピンポイント","true","false","false","2023-05-17 05:53:21","2023-05-17 05:53:21"
"ASIN","B001FBPC06","ピンポイント","true","false","false","2023-05-17 05:53:25","2023-05-17 05:53:25"
"ASIN","B00HL2DH78","ピンポイント","true","false","false","2023-05-17 05:53:29","2023-05-17 05:53:29"
"ASIN","B00SNJEP0Q","ピンポイント","true","false","false","2023-05-17 05:53:33","2023-05-17 05:53:33"
"ASIN","B009PQB0KE","ピンポイント","true","false","false","2023-05-17 05:53:36","2023-05-17 05:53:36"
"ASIN","B0015S0VN2","ピンポイント","true","false","false","2023-05-17 05:53:40","2023-05-17 05:53:40"
"ASIN","B0000A33LJ","ピンポイント","true","false","false","2023-05-17 05:53:44","2023-05-17 05:53:44"
"ASIN","B0006A03UG","ピンポイント","true","false","false","2023-05-17 05:53:47","2023-05-17 05:53:47"
"ASIN","B00MDZXNKE","ピンポイント","true","false","false","2023-05-17 05:53:51","2023-05-17 05:53:51"
"ASIN","B00MDZXOZ8","ピンポイント","true","false","false","2023-05-17 05:53:54","2023-05-17 05:53:54"
"ASIN","B00MDZXLQU","ピンポイント","true","false","false","2023-05-17 05:53:58","2023-05-17 05:53:58"
"ASIN","B0079AWNBS","ピンポイント","true","false","false","2023-05-17 05:54:03","2023-05-17 05:54:03"
"ASIN","B00KH09Q5S","ピンポイント","true","false","false","2023-05-17 05:54:09","2023-05-17 05:54:09"
"ASIN","B0071GZXQC","ピンポイント","true","false","false","2023-05-17 05:54:13","2023-05-17 05:54:13"
"ASIN","B07Z843W35","ピンポイント","true","false","false","2023-05-17 05:54:17","2023-05-17 05:54:17"
"ASIN","B001PLMY7A","ピンポイント","true","false","false","2023-05-17 05:54:21","2023-05-17 05:54:21"
"ASIN","B073XHZZ1W","ピンポイント","true","false","false","2023-05-17 05:54:25","2023-05-17 05:54:25"
"ASIN","B087P4BQ74","ピンポイント","true","false","false","2023-05-17 05:54:28","2023-05-17 05:54:28"
"ASIN","B088R59QTJ","ピンポイント","true","false","false","2023-05-17 05:54:35","2023-05-17 05:54:35"
"ASIN","B006CQQO56","ピンポイント","true","false","false","2023-05-17 05:54:41","2023-05-17 05:54:41"
"ASIN","B00C7G6JQE","ピンポイント","true","false","false","2023-05-17 05:54:44","2023-05-17 05:54:44"
"ASIN","B078NS6SVY","ピンポイント","true","false","false","2023-05-17 05:54:48","2023-05-17 05:54:48"
"BRAND","AKER","知財","true","false","false","2023-05-17 05:55:07","2023-05-17 05:55:07"
"BRAND","Anello","知財","true","false","false","2023-05-17 05:55:12","2023-05-17 05:55:12"
"BRAND","ANEX","知財","true","false","false","2023-05-17 05:55:18","2023-05-17 05:55:18"
"BRAND","Anker","知財","true","false","false","2023-05-17 05:55:22","2023-05-17 05:55:22"
"BRAND","Aputure","知財","true","false","false","2023-05-17 05:55:25","2023-05-17 05:55:25"
"BRAND","Astell&Kern","知財","true","false","false","2023-05-17 05:55:29","2023-05-17 05:55:29"
"BRAND","Audio-Technica","知財","true","false","false","2023-05-17 05:55:34","2023-05-17 05:55:34"
"BRAND","Bluedio","知財","true","false","false","2023-05-17 05:55:51","2023-05-17 05:55:51"
"BRAND","BNISE","知財","true","false","false","2023-05-17 05:55:55","2023-05-17 05:55:55"
"BRAND","Boeing","知財","true","false","false","2023-05-17 05:55:58","2023-05-17 05:55:58"
"BRAND","Butterfly","知財","true","false","false","2023-05-17 05:56:07","2023-05-17 05:56:07"
"BRAND","Cat Eye","知財","true","false","false","2023-05-17 05:56:40","2023-05-17 05:56:40"
"BRAND","CatEye","知財","true","false","false","2023-05-17 05:56:49","2023-05-17 05:56:49"
"BRAND","CHORD","知財","true","false","false","2023-05-17 05:56:53","2023-05-17 05:56:53"
"BRAND","Chroma","知財","true","false","false","2023-05-17 05:56:58","2023-05-17 05:56:58"
"BRAND","Copic","知財","true","false","false","2023-05-17 05:57:14","2023-05-17 05:57:14"
"BRAND","Disney","知財","true","false","false","2023-05-17 05:57:26","2023-05-17 05:57:26"
"BRAND","Donner","知財","true","false","false","2023-05-17 05:57:32","2023-05-17 05:57:32"
"BRAND","Electro-Harmonix","知財","true","false","false","2023-05-17 05:57:38","2023-05-17 05:57:38"
"BRAND","EZON","知財","true","false","false","2023-05-17 05:57:46","2023-05-17 05:57:46"
"BRAND","FEATHER","知財","true","false","false","2023-05-17 05:57:51","2023-05-17 05:57:51"
"BRAND","former LaQ USA","知財","true","false","false","2023-05-17 05:57:57","2023-05-17 05:57:57"
"BRAND","Fotopro","知財","true","false","false","2023-05-17 05:58:01","2023-05-17 05:58:01"
"BRAND","GLOBAL","知財","true","false","false","2023-05-17 05:58:06","2023-05-17 05:58:06"
"BRAND","Guzzini","知財","true","false","false","2023-05-17 05:58:11","2023-05-17 05:58:11"
"BRAND","Hammond","知財","true","false","false","2023-05-17 05:58:16","2023-05-17 05:58:16"
"BRAND","HARAC","知財","true","false","false","2023-05-17 05:58:21","2023-05-17 05:58:21"
"BRAND","Hasegawa Cutlery","知財","true","false","false","2023-05-17 05:58:26","2023-05-17 05:58:26"
"BRAND","havit","知財","true","false","false","2023-05-17 05:58:35","2023-05-17 05:58:35"
"BRAND","Helinox","知財","true","false","false","2023-05-17 05:58:41","2023-05-17 05:58:41"
"BRAND","Holbein","知財","true","false","false","2023-05-17 05:58:46","2023-05-17 05:58:46"
"BRAND","Homestar","知財","true","false","false","2023-05-17 05:59:01","2023-05-17 05:59:01"
"BRAND","HUAWEI","知財","true","false","false","2023-05-17 05:59:05","2023-05-17 05:59:05"
"BRAND","JBL","知財","true","false","false","2023-05-17 05:59:14","2023-05-17 05:59:14"
"BRAND","Jico","知財","true","false","false","2023-05-17 05:59:19","2023-05-17 05:59:19"
"BRAND","KAKURI","知財","true","false","false","2023-05-17 05:59:28","2023-05-17 05:59:28"
"BRAND","Kao","知財","true","false","false","2023-05-17 05:59:32","2023-05-17 05:59:32"
"BRAND","katia","知財","true","false","false","2023-05-17 05:59:37","2023-05-17 05:59:37"
"BRAND","katia beni","知財","true","false","false","2023-05-17 05:59:41","2023-05-17 05:59:41"
"BRAND","Kitpas","知財","true","false","false","2023-05-17 05:59:46","2023-05-17 05:59:46"
"BRAND","kokubo","知財","true","false","false","2023-05-17 05:59:50","2023-05-17 05:59:50"
"BRAND","Konus","知財","true","false","false","2023-05-17 06:00:00","2023-05-17 06:00:00"
"BRAND","Kuretake","知財","true","false","false","2023-05-17 06:00:08","2023-05-17 06:00:08"
"BRAND","Legacy","知財","true","false","false","2023-05-17 06:00:14","2023-05-17 06:00:14"
"BRAND","LEIFHEIT","知財","true","false","false","2023-05-17 06:00:19","2023-05-17 06:00:19"
"BRAND","LG","知財","true","false","false","2023-05-17 06:00:22","2023-05-17 06:00:22"
"BRAND","Logitech","知財","true","false","false","2023-05-17 06:00:26","2023-05-17 06:00:26"
"BRAND","LYNN RAMOS","知財","true","false","false","2023-05-17 06:00:29","2023-05-17 06:00:29"
"BRAND","Marmo printing","知財","true","false","false","2023-05-17 06:00:36","2023-05-17 06:00:36"
"BRAND","Marvel","知財","true","false","false","2023-05-17 06:00:43","2023-05-17 06:00:43"
"BRAND","MASAMOTO","知財","true","false","false","2023-05-17 06:00:47","2023-05-17 06:00:47"
"BRAND","Maxon","知財","true","false","false","2023-05-17 06:00:52","2023-05-17 06:00:52"
"BRAND","Minosharp","知財","true","false","false","2023-05-17 06:01:03","2023-05-17 06:01:03"
"BRAND","Mugig","知財","true","false","false","2023-05-17 06:01:11","2023-05-17 06:01:11"
"BRAND","Muji","知財","true","false","false","2023-05-17 06:01:30","2023-05-17 06:01:30"
"BRAND","Mxson","知財","true","false","false","2023-05-17 06:01:35","2023-05-17 06:01:35"
"BRAND","NIXON","知財","true","false","false","2023-05-17 06:01:42","2023-05-17 06:01:42"
"BRAND","Noppoo","知財","true","false","false","2023-05-17 06:01:46","2023-05-17 06:01:46"
"BRAND","OLFA","知財","true","false","false","2023-05-17 06:01:52","2023-05-17 06:01:52"
"BRAND","Olympus","知財","true","false","false","2023-05-17 06:01:57","2023-05-17 06:01:57"
"BRAND","OneTigris","知財","true","false","false","2023-05-17 06:02:12","2023-05-17 06:02:12"
"BRAND","Orange","知財","true","false","false","2023-05-17 06:02:16","2023-05-17 06:02:16"
"BRAND","Philips","知財","true","false","false","2023-05-17 06:02:26","2023-05-17 06:02:26"
"BRAND","Plemo","知財","true","false","false","2023-05-17 06:02:31","2023-05-17 06:02:31"
"BRAND","Razer","知財","true","false","false","2023-05-17 06:02:37","2023-05-17 06:02:37"
"BRAND","Purebble","知財","true","false","false","2023-05-17 06:02:42","2023-05-17 06:02:42"
"BRAND","Sanrio","知財","true","false","false","2023-05-17 06:02:48","2023-05-17 06:02:48"
"BRAND","Schlagwerk","知財","true","false","false","2023-05-17 06:02:51","2023-05-17 06:02:51"
"BRAND","Schleich","知財","true","false","false","2023-05-17 06:02:56","2023-05-17 06:02:56"
"BRAND","SENNHEISER","知財","true","false","false","2023-05-17 06:03:01","2023-05-17 06:03:01"
"BRAND","SHURE","知財","true","false","false","2023-05-17 06:03:10","2023-05-17 06:03:10"
"BRAND","SIDARDOE","知財","true","false","false","2023-05-17 06:03:15","2023-05-17 06:03:15"
"BRAND","SILKY","知財","true","false","false","2023-05-17 06:03:24","2023-05-17 06:03:24"
"BRAND","SOL REPUBLIC","知財","true","false","false","2023-05-17 06:03:29","2023-05-17 06:03:29"
"BRAND","SteelSeries","知財","true","false","false","2023-05-17 06:03:35","2023-05-17 06:03:35"
"BRAND","Sun Joe","知財","true","false","false","2023-05-17 06:03:39","2023-05-17 06:03:39"
"BRAND","Sun-Star Stationery","知財","true","false","false","2023-05-17 06:03:44","2023-05-17 06:03:44"
"BRAND","Sunstar","知財","true","false","false","2023-05-17 06:03:48","2025-01-15 00:22:34"
"BRAND","Sun-Star","知財","true","false","false","2023-05-17 06:04:00","2023-05-17 06:04:00"
"BRAND","SUREFIRE","知財","true","false","false","2023-05-17 06:04:09","2023-05-17 06:04:09"
"BRAND","suzuki","知財","true","false","false","2023-05-17 06:04:14","2023-05-17 06:04:14"
"BRAND","SUZUKI MUSIC","知財","true","false","false","2023-05-17 06:04:19","2023-05-17 06:04:19"
"BRAND","TASCAM","知財","true","false","false","2023-05-17 06:04:26","2023-05-17 06:04:26"
"BRAND","TOP","知財","true","false","false","2023-05-17 06:04:44","2023-05-17 06:04:44"
"BRAND","TOP工業","知財","true","false","false","2023-05-17 06:04:48","2023-05-17 06:04:48"
"BRAND","Vess","知財","true","false","false","2023-05-17 06:04:53","2023-05-17 06:04:53"
"BRAND","wave","知財","true","false","false","2023-05-17 06:04:58","2023-05-17 06:04:58"
"BRAND","XVive","知財","true","false","false","2023-05-17 06:05:04","2023-05-17 06:05:04"
"BRAND","キットパス","知財","true","false","false","2023-05-17 06:05:12","2023-05-17 06:05:12"
"BRAND","日本理化学","知財","true","false","false","2023-05-17 06:05:22","2023-05-17 06:05:22"
"BRAND","POSCA","知財","true","false","false","2023-05-17 06:05:28","2023-05-17 06:05:28"
"ASIN","B01N6GO1OV","FINAL FANTASY","true","false","false","2023-05-17 06:40:13","2023-05-17 06:40:13"
"BRAND","Toshiba","英語対応なし","true","false","false","2023-05-18 04:23:53","2023-05-18 04:23:53"
"ASIN","B001TPH9BS","Naniwa砥石","true","false","false","2023-05-18 04:31:55","2023-05-18 04:31:55"
"BRAND","Naniwa","砥石","true","false","false","2023-05-18 04:32:11","2023-05-18 04:32:11"
"BRAND","Western Digital","知財","true","false","false","2023-05-18 07:08:50","2023-05-18 07:08:50"
"ASIN","B016MB0QCW","商標侵害(Nintendo)","true","false","false","2023-05-22 02:25:09","2023-05-22 02:25:09"
"ASIN","B0757G6S3F","送料オーバー","true","false","false","2023-05-24 03:45:41","2023-05-24 03:45:41"
"BRAND","1MORE","知財リスク","true","false","false","2023-05-27 03:35:40","2023-05-27 03:35:40"
"ASIN","B001NMTIKW","SHIMANO グリス","true","false","false","2023-05-27 04:18:15","2023-05-27 04:18:15"
"BRAND","KING","KING 砥石","true","false","false","2023-05-27 04:21:11","2023-05-27 04:21:11"
"ASIN","B07DTDHP7Q","送料オーバー","true","false","false","2023-06-12 05:22:23","2023-06-12 05:22:23"
"ASIN","B07STV6TVQ","要SDS","true","false","false","2023-06-12 05:52:56","2023-06-12 05:52:56"
"ASIN","B097NK1KKT","送料オーバー","true","false","false","2023-06-14 01:41:37","2023-06-14 01:41:37"
"ASIN","B000UEO9ZS","送料オーバー","true","false","false","2023-06-14 01:42:13","2023-06-14 01:42:13"
"BRAND","hengyan","メーカー直売","true","false","false","2023-06-18 04:17:19","2023-06-18 04:17:19"
"BRAND","Patriot Memory","メーカー直売","true","false","false","2023-06-18 06:34:15","2023-06-18 06:34:15"
"ASIN","B00H9EFNY8","送料オーバー","true","false","false","2023-06-23 03:24:45","2023-06-23 03:24:45"
"ASIN","B006OVJ0UA","Bandai 安全性コンプライアンス","true","false","false","2023-06-28 00:32:26","2023-06-28 00:32:26"
"ASIN","B085RZXXTK","送料オーバー","true","false","false","2023-07-05 05:22:40","2023-07-05 05:22:40"
"ASIN","B08YDBDLK1","送料オーバー","true","false","false","2023-07-05 05:23:30","2023-07-05 05:23:30"
"ASIN","B07HK2TZ7R","送料オーバー","true","false","false","2023-07-06 02:05:40","2023-07-06 02:05:40"
"BRAND","DogRook","メーカー直売","true","false","false","2023-07-16 03:56:34","2023-07-16 03:56:34"
"ASIN","B01ESOM55Q","送料オーバー","true","false","false","2023-07-18 04:58:02","2023-07-18 04:58:02"
"ASIN","B00VZ0VBA2","送料オーバー","true","false","false","2023-07-28 03:30:18","2023-07-28 03:30:18"
"ASIN","B008L3R8BM","制限対象HARIO","true","false","false","2023-07-30 00:03:33","2023-08-18 21:24:43"
"ASIN","B06XVCY481","制限対象HARIO","true","false","false","2023-08-03 03:39:43","2023-08-18 21:24:51"
"ASIN","B000IKLQZK","制限対象HARIO","true","false","false","2023-08-18 21:24:05","2023-08-18 21:24:05"
"ASIN","B0BGNCF723","送料オーバー","true","false","false","2023-08-21 05:19:27","2023-08-21 05:19:27"
"ASIN","B00MM18UM0","制限対象","true","false","false","2023-08-21 22:45:22","2023-08-21 22:45:22"
"ASIN","B01M2A8JKC","コンプラ","true","false","false","2023-08-30 00:27:20","2023-08-30 00:27:20"
"BRAND","NIKKO","メーカー相乗り出品者排除の意思","true","false","false","2023-08-30 00:28:17","2023-08-30 00:28:17"
"ASIN","B083R8PSP3","コンプラ","true","false","false","2023-09-05 08:09:05","2024-02-03 05:06:58"
"ASIN","B000VBG12Y","コンプラ","true","false","false","2023-09-05 08:09:38","2024-02-03 05:06:53"
"ASIN","B0051EBZZO","コンプラ","true","false","false","2023-09-05 08:10:00","2024-02-03 05:06:49"
"ASIN","B006Z0JPRS","コンプラ","true","false","false","2023-09-05 08:13:27","2024-02-03 05:06:47"
"ASIN","B079C3TKSQ","KORG 安全性の問題","true","false","false","2023-09-12 07:41:03","2023-09-12 07:41:03"
"ASIN","B009PGYZOM","商標侵害（エヴァンゲリオン）","true","false","false","2023-10-03 22:30:52","2023-10-03 22:30:52"
"ASIN","B01LXSA3TW","コンプラ","true","false","false","2023-10-04 02:31:08","2024-02-03 05:06:44"
"ASIN","B01MDM7VJB","コンプラ","true","false","false","2023-10-21 03:13:09","2024-02-03 05:07:01"
"ASIN","B00LHAE2C4","コンプラ","true","false","false","2023-10-21 03:13:16","2024-02-03 05:07:03"
"ASIN","B00JO9MXF8","コンプラ","true","false","false","2023-10-21 03:13:23","2024-02-03 05:07:08"
"BRAND","VICTORINOX","知財","true","false","false","2023-11-07 00:39:52","2023-11-07 00:39:52"
"BRAND","Wenger","知財 Victorinox","true","false","false","2023-11-07 00:49:06","2023-11-07 00:49:06"
"BRAND","SwissGear","知財 Victorinox","true","false","false","2023-11-07 00:51:44","2023-11-07 00:51:44"
"ASIN","B079NV7P3T","Corsair  Transparency","true","false","false","2023-11-11 01:30:45","2023-11-11 01:30:45"
"ASIN","B06ZY92YSC","Corsair  Transparency","true","false","false","2023-11-11 01:30:55","2023-11-11 01:30:55"
"ASIN","B0116OHPLU","コンプラ","true","false","false","2023-11-13 07:32:23","2024-02-03 05:07:11"
"ASIN","B019BZW9A8","コンプラ","true","false","false","2023-11-13 07:32:32","2024-02-03 05:07:25"
"ASIN","B073WXLF3T","知財疑い","true","false","false","2023-11-13 22:34:59","2023-11-13 22:34:59"
"ASIN","B0861G4Z37","SDS必要","true","false","false","2023-11-17 04:28:42","2023-11-17 04:28:42"
"ASIN","B012ZINL2S","知財疑い amiibo","true","false","false","2023-11-26 23:53:07","2023-11-26 23:53:07"
"ASIN","B09C1YWKWZ","Good Smile 制限対象","true","false","false","2023-11-29 23:29:36","2023-11-29 23:29:36"
"ASIN","B071K5K47N","送料オーバー","true","false","false","2023-12-01 00:14:35","2023-12-01 00:14:35"
"ASIN","B009X16V6E","知財 Art Clay","true","false","false","2023-12-06 04:43:42","2023-12-06 04:43:42"
"ASIN","B009X16Q46","知財 Art Clay","true","false","false","2023-12-06 04:44:45","2023-12-06 04:44:45"
"ASIN","B009X16YOS","知財 Art Clay","true","false","false","2023-12-06 04:44:57","2023-12-06 04:44:57"
"ASIN","B009X16Q4G","知財 Art Clay","true","false","false","2023-12-06 04:45:46","2026-01-25 22:32:55"
"ASIN","B009X16Q3M","知財 Art Clay","true","false","false","2023-12-06 04:45:54","2023-12-06 04:45:54"
"BRAND","Art Clay","知財 Art Clay","true","false","false","2023-12-06 04:46:09","2023-12-06 04:46:09"
"ASIN","B01MZBGISP","送料オーバー","true","false","false","2023-12-08 04:25:42","2023-12-08 04:25:42"
"ASIN","B00MB008O0","送料オーバー","true","false","false","2023-12-10 02:30:37","2023-12-10 02:30:37"
"ASIN","B00NBFC1KS","送料オーバー","true","false","false","2024-01-27 09:05:36","2024-01-27 09:05:36"
"ASIN","B01C6WCWXC","コンプラ","true","false","false","2024-02-03 04:57:06","2024-02-03 05:05:03"
"ASIN","B07VWVRSVG","コンプラ","true","false","false","2024-02-03 04:57:13","2024-02-03 05:05:06"
"ASIN","B014QYLRPW","コンプラ","true","false","false","2024-02-03 04:57:29","2024-02-03 05:05:09"
"ASIN","B002P67LH2","コンプラ","true","false","false","2024-02-03 04:57:37","2024-02-03 05:05:11"
"ASIN","B0167VYWW2","コンプラ","true","false","false","2024-02-03 04:57:43","2024-02-03 05:05:13"
"ASIN","B00IG46CBS","コンプラ","true","false","false","2024-02-03 04:57:50","2024-02-03 05:05:16"
"ASIN","B00IG466UU","コンプラ","true","false","false","2024-02-03 04:58:02","2024-02-03 05:05:18"
"ASIN","B00ISNCZ9K","コンプラ","true","false","false","2024-02-03 04:58:09","2024-02-03 05:05:20"
"ASIN","B00LFO9AVA","コンプラ","true","false","false","2024-02-03 04:58:16","2024-02-03 05:05:23"
"ASIN","B001ALZJ86","コンプラ","true","false","false","2024-02-03 04:58:22","2024-02-03 05:05:25"
"ASIN","B079BT7QS1","コンプラ","true","false","false","2024-02-03 04:58:29","2024-02-03 05:05:29"
"ASIN","B00005QBMG","コンプラ","true","false","false","2024-02-03 04:58:37","2024-02-03 05:05:31"
"ASIN","B00TX0NXSY","コンプラ","true","false","false","2024-02-03 04:58:43","2024-02-03 05:05:33"
"ASIN","B0045T1JAM","コンプラ","true","false","false","2024-02-03 04:58:49","2024-02-03 05:05:35"
"ASIN","B010PZE29O","コンプラ","true","false","false","2024-02-03 04:58:55","2024-02-03 05:05:36"
"ASIN","B085NJRHNG","コンプラ","true","false","false","2024-02-03 04:59:03","2024-02-03 05:05:38"
"ASIN","B07VXV8BJM","コンプラ","true","false","false","2024-02-03 04:59:10","2024-02-03 05:05:44"
"ASIN","B08984MJ7T","コンプラ","true","false","false","2024-02-03 04:59:17","2024-02-03 05:05:42"
"ASIN","B004U9U4FI","コンプラ","true","false","false","2024-02-03 04:59:25","2024-02-03 05:05:45"
"ASIN","B014KNNS60","コンプラ","true","false","false","2024-02-03 05:00:12","2024-02-03 05:05:48"
"ASIN","B07HWS9MW2","コンプラ","true","false","false","2024-02-03 05:00:16","2024-02-03 05:05:50"
"ASIN","B00LFO9EN4","コンプラ","true","false","false","2024-02-03 05:00:22","2024-02-03 05:05:52"
"ASIN","B08SRJ85FB","コンプラ","true","false","false","2024-02-03 05:00:30","2024-02-03 05:05:54"
"ASIN","B08H1VCMZJ","コンプラ","true","false","false","2024-02-03 05:01:01","2024-02-03 05:05:55"
"ASIN","B0161YPB6G","コンプラ","true","false","false","2024-02-03 05:01:08","2024-02-03 05:05:58"
"ASIN","B00B15YFEK","コンプラ","true","false","false","2024-02-03 05:01:15","2024-02-03 05:06:00"
"ASIN","B07CQ3FXR9","コンプラ","true","false","false","2024-02-03 05:01:22","2024-02-03 05:06:02"
"ASIN","B00LFO9IAS","コンプラ","true","false","false","2024-02-03 05:01:29","2024-02-03 05:06:04"
"ASIN","B0854QXPH1","コンプラ","true","false","false","2024-02-03 05:01:38","2024-02-03 05:06:07"
"ASIN","B00KPR3SIE","コンプラ","true","false","false","2024-02-03 05:01:45","2024-02-03 05:06:09"
"ASIN","B000067UED","コンプラ","true","false","false","2024-02-03 05:01:53","2024-02-03 05:06:11"
"ASIN","B07XH8Q3Y5","コンプラ","true","false","false","2024-02-03 05:01:59","2024-02-03 05:06:13"
"ASIN","B083443HD2","コンプラ","true","false","false","2024-02-03 05:02:15","2024-02-03 05:06:16"
"ASIN","B0823ZWB5X","コンプラ","true","false","false","2024-02-03 05:02:23","2024-02-03 05:06:17"
"ASIN","B07WCT6YZ3","コンプラ","true","false","false","2024-02-03 05:02:32","2024-02-03 05:06:19"
"ASIN","B08WHJD1BC","コンプラ","true","false","false","2024-02-03 05:02:50","2024-02-03 05:06:21"
"ASIN","B08DS4MHWG","コンプラ","true","false","false","2024-02-03 05:03:03","2024-02-03 05:06:22"
"ASIN","B07B4NTJ7D","コンプラ","true","false","false","2024-02-03 05:03:09","2024-02-03 05:06:34"
"ASIN","B01ICV68X6","SHIMNO 自転車パーツ　左右の商品説明が間違えている","true","false","false","2024-02-14 10:01:23","2024-02-14 10:01:23"
"ASIN","B01LN7O8RO","商品違い Nikon・Canon同じJAN","true","false","false","2024-02-26 02:44:16","2024-02-26 02:44:16"
"ASIN","B07QBB33DN","送料オーバー","true","false","false","2024-04-02 02:19:34","2024-04-02 02:19:34"
"ASIN","B07FQ24K1X","知財疑い ベイブレード","true","false","false","2024-04-07 08:45:12","2024-04-07 08:45:12"
"ASIN","B008B4LXWQ","送料オーバー","true","false","false","2024-04-14 13:42:44","2024-04-14 13:42:44"
"BRAND","Redragon","直売","true","false","false","2024-05-04 07:55:30","2024-05-04 07:55:30"
"ASIN","B0014ZU03M","空輸✕グリス","true","false","false","2024-05-04 08:22:50","2024-05-04 08:22:50"
"ASIN","B006XB0D20","コンプライアンス","true","false","false","2024-05-08 02:21:02","2024-05-08 02:21:02"
"ASIN","B074FJM7D3","コンプライアンス","true","false","false","2024-05-08 02:22:39","2024-05-08 02:22:39"
"BRAND","FIFINE","メーカー直売 FIFINE Direct","true","false","false","2024-05-12 03:55:53","2024-05-12 03:55:53"
"ASIN","B07K1KSL79","知財疑い Tomica","true","false","false","2024-05-13 13:39:36","2024-05-13 13:39:36"
"ASIN","B0BMBX2SZM","コンプラ","true","false","false","2024-05-13 23:27:50","2024-05-13 23:27:50"
"ASIN","B08HPZPFV7","コンプラ","true","false","false","2024-05-13 23:28:23","2024-05-13 23:28:23"
"ASIN","B00287436A","コンプラ","true","false","false","2024-05-13 23:28:40","2024-05-13 23:28:40"
"ASIN","B01AUEOWS6","コンプラ","true","false","false","2024-05-13 23:28:51","2024-05-13 23:28:51"
"ASIN","B01EMGCHNK","知財疑い　著作権画像の悪用（アベンジャーズ）","true","false","false","2024-05-15 05:51:51","2024-05-15 05:51:51"
"BRAND","OLEVS","時計","true","false","false","2024-05-16 03:28:16","2024-05-16 03:28:16"
"BRAND","Columbia","時計　メーカー直売","true","false","false","2024-05-16 03:29:41","2024-05-16 03:29:41"
"BRAND","Q&Q","時計　メーカー直売","true","false","false","2024-05-16 03:30:24","2024-05-16 03:30:24"
"BRAND","MEGALITH","時計　メーカー直売","true","false","false","2024-05-16 03:34:46","2024-05-16 03:34:46"
"BRAND","MASTOP","時計　メーカー直売","true","false","false","2024-05-16 03:44:40","2024-05-16 03:44:40"
"BRAND","eYotto","時計　メーカー直売","true","false","false","2024-05-16 03:48:56","2024-05-16 03:48:56"
"ASIN","B0118SXDHO","知財疑い：Copyright Image Misuse(Naruto)","true","false","false","2024-05-22 22:49:39","2024-05-22 22:49:39"
"ASIN","B000LC57F0","知財疑い：Copyright Image Misuse(DRAGON BALL Z)","true","false","false","2024-05-26 00:28:42","2024-05-26 00:28:42"
"ASIN","B012VWFLHG","コンプラ","true","false","false","2024-05-29 07:22:01","2024-05-29 07:22:01"
"ASIN","B074M7P29P","コンプラ","true","false","false","2024-05-29 07:22:55","2024-05-29 07:22:55"
"ASIN","B0CLC9SCB6","コンプラ","true","false","false","2024-06-03 00:13:35","2024-06-03 00:13:35"
"ASIN","B0CJZZ8DBP","コンプラ","true","false","false","2024-06-03 00:13:54","2024-06-03 00:13:54"
"ASIN","B000B56OGS","CD","true","false","false","2024-06-03 09:18:28","2024-06-03 09:18:28"
"ASIN","B00EXGKPC0","送料オーバー","true","false","false","2024-06-05 02:26:42","2024-06-05 02:26:42"
"ASIN","B097NK14SQ","送料オーバー","true","false","false","2024-06-12 09:21:46","2024-06-12 09:21:46"
"ASIN","B08LG79Y4R","女神転生","true","false","false","2024-06-14 07:45:24","2024-06-14 07:45:24"
"ASIN","B08LG79Y4R","女神転生","true","false","false","2024-06-14 07:45:29","2024-06-14 07:45:29"
"ASIN","B08LG79Y4R","女神転生","true","false","false","2024-06-14 07:45:31","2024-06-14 07:45:31"
"ASIN","B08LG79Y4R","女神転生","true","false","false","2024-06-14 07:45:32","2024-06-14 07:45:32"
"ASIN","B09V7Q9Z3J","女神転生","true","false","false","2024-06-14 07:45:41","2024-06-14 07:45:41"
"ASIN","B09V7Q9Z3J","女神転生","true","false","false","2024-06-14 07:45:55","2024-06-14 07:45:55"
"ASIN","B09V7Q9Z3J","女神転生","true","false","false","2024-06-14 07:46:24","2024-06-14 07:46:24"
"ASIN","B08LG79Y4R","女神転生","true","false","false","2024-06-14 07:50:28","2024-06-14 07:50:28"
"ASIN","B08LG79Y4R","女神転生","true","false","false","2024-06-14 07:50:28","2024-06-14 07:50:28"
"ASIN","B08LG79Y4R","女神転生","true","false","false","2024-06-14 08:15:48","2024-06-14 08:15:48"
"ASIN","B08LG79Y4R","女神転生","true","false","false","2024-06-14 08:15:59","2024-06-14 08:15:59"
"ASIN","B08LG79Y4R","女神転生","true","false","false","2024-06-14 08:16:01","2024-06-14 08:16:01"
"ASIN","B08LG79Y4R","女神転生","true","false","false","2024-06-14 08:19:31","2024-06-14 08:19:31"
"BRAND","Atlus","訴訟ブランド","true","false","false","2024-06-14 09:55:56","2024-06-14 09:55:56"
"ASIN","B08LG79Y4R","Shin Megami","true","false","false","2024-06-16 09:56:32","2024-06-16 09:56:32"
"ASIN","B000E9PIYK","Shin Megami","true","false","false","2024-06-16 09:56:48","2024-06-16 09:56:48"
"ASIN","B000E9PIYK","Shin Megami","true","false","false","2024-06-16 09:56:51","2024-06-16 09:56:51"
"ASIN","B000E9PIYK","Shin Megami","true","false","false","2024-06-16 09:57:15","2024-06-16 09:57:15"
"ASIN","B000E9PIYK","Shin Megami","true","false","false","2024-06-16 09:57:16","2024-06-16 09:57:16"
"ASIN","B000E9PIYK","Shin Megami","true","false","false","2024-06-16 09:57:17","2024-06-16 09:57:17"
"ASIN","B000E9PIYK","Shin Megami","true","false","false","2024-06-16 09:57:17","2024-06-16 09:57:17"
"ASIN","B00G4DULCY","Shin Megami","true","false","false","2024-06-16 10:01:50","2024-06-16 10:01:50"
"ASIN","B0058BFGEQ","Shin Megami","true","false","false","2024-06-16 10:02:50","2024-06-16 10:02:50"
"ASIN","B0058BFGEQ","Shin Megami","true","false","false","2024-06-16 10:02:56","2024-06-16 10:02:56"
"ASIN","B0058BFGEQ","Atlus","true","false","false","2024-06-16 10:15:58","2024-06-16 10:15:58"
"ASIN","B0058BFGEQ","Atlus","true","false","false","2024-06-16 10:16:00","2024-06-16 10:16:00"
"ASIN","B0058BFGEQ","Atlus","true","false","false","2024-06-16 10:16:24","2024-06-16 10:16:24"
"ASIN","B0058BFGEQ","Atlus","true","false","false","2024-06-16 10:19:41","2024-06-16 10:19:41"
"ASIN","B0058BFGEQ","Atlus","true","false","false","2024-06-16 10:19:41","2024-06-16 10:19:41"
"ASIN","B00O0XG0TI","Atlus","true","false","false","2024-06-16 10:21:26","2024-06-16 10:21:26"
"ASIN","B0058BFGEQ","Atlus","true","false","false","2024-06-16 10:24:46","2024-06-16 10:24:46"
"ASIN","B000E9NHVQ","Atlus訴訟関係","true","false","false","2024-06-17 03:09:26","2024-06-17 03:09:26"
"ASIN","B000EY2ZT6","Atlus訴訟関係","true","false","false","2024-06-17 03:09:31","2024-06-17 03:09:31"
"ASIN","B001AO15WW","Atlus訴訟関係","true","false","false","2024-06-17 03:09:37","2024-06-17 03:09:37"
"ASIN","B003ZYDBEU","Atlus訴訟関係","true","false","false","2024-06-17 03:09:45","2026-01-25 22:33:11"
"ASIN","B004ELBEDI","Atlus訴訟関係","true","false","false","2024-06-17 03:09:52","2024-06-17 03:09:52"
"ASIN","B005EFVD70","Atlus訴訟関係","true","false","false","2024-06-17 03:09:59","2024-06-17 03:09:59"
"ASIN","B007IEOP3O","Atlus訴訟関係","true","false","false","2024-06-17 03:10:06","2024-06-17 03:10:06"
"ASIN","B008CQCA5M","Atlus訴訟関係","true","false","false","2024-06-17 03:10:11","2024-06-17 03:10:11"
"ASIN","B009574E4C","Atlus訴訟関係","true","false","false","2024-06-17 03:10:18","2024-06-17 03:10:18"
"ASIN","B00T5VRSXC","Atlus訴訟関係","true","false","false","2024-06-17 03:10:29","2024-06-17 03:10:29"
"ASIN","B01N1HXZLI","Atlus訴訟関係","true","false","false","2024-06-17 03:10:33","2024-06-17 03:10:33"
"ASIN","B073RKXB58","Atlus訴訟関係","true","false","false","2024-06-17 03:10:38","2024-06-17 03:10:38"
"ASIN","B0747KZBKJ","Atlus訴訟関係","true","false","false","2024-06-17 03:10:42","2024-06-17 03:10:42"
"ASIN","B07DS7396C","Atlus訴訟関係","true","false","false","2024-06-17 03:10:46","2024-06-17 03:10:46"
"ASIN","B07DYD7696","Atlus訴訟関係","true","false","false","2024-06-17 03:10:50","2024-06-17 03:10:50"
"ASIN","B07F9SNKH9","Atlus訴訟関係","true","false","false","2024-06-17 03:10:57","2024-06-17 03:10:57"
"ASIN","B07QV6TM3C","Atlus訴訟関係","true","false","false","2024-06-17 03:11:01","2024-06-17 03:11:01"
"ASIN","B07SMRG2BF","Atlus訴訟関係","true","false","false","2024-06-17 03:11:09","2024-06-17 03:11:09"
"ASIN","B07W6GM4CH","Atlus訴訟関係","true","false","false","2024-06-17 03:11:14","2024-06-17 03:11:14"
"ASIN","B08BP5X3Q5","Atlus訴訟関係","true","false","false","2024-06-17 03:11:19","2024-06-17 03:11:19"
"ASIN","B092M3QGJ8","Atlus訴訟関係","true","false","false","2024-06-17 03:11:26","2024-06-17 03:11:26"
"ASIN","B09QMC7LRC","Atlus訴訟関係","true","false","false","2024-06-17 03:11:30","2024-06-17 03:11:30"
"ASIN","B09QMCTH3P","Atlus訴訟関係","true","false","false","2024-06-17 03:11:35","2024-06-17 03:11:35"
"ASIN","B0B3N1JHQX","Atlus訴訟関係","true","false","false","2024-06-17 03:11:39","2024-06-17 03:11:39"
"ASIN","B00006RT60","Atlus訴訟関係","true","false","false","2024-06-17 03:11:43","2024-06-17 03:11:43"
"ASIN","B00HVQ9PQ6","Atlus訴訟関係","true","false","false","2024-06-17 03:12:01","2024-06-17 03:12:01"
"ASIN","B000HACWS6","制限商品ポリシー違反","true","false","false","2024-06-19 00:42:23","2024-06-19 00:42:23"
"ASIN","B003UATQLG","ボタン電池","true","false","false","2024-06-19 02:09:21","2024-06-19 02:09:21"
"ASIN","B00HFSHR38","コンプライアンス","true","false","false","2024-06-19 02:10:12","2024-06-19 02:10:12"
"ASIN","B000B63DSY","エバンゲリオン","true","false","false","2024-06-23 23:59:18","2024-06-23 23:59:18"
"ASIN","B0002UAHX8","ゴジラ","true","false","false","2024-06-24 00:03:30","2024-06-24 00:03:30"
"ASIN","B002V3NS5I","ゴジラ","true","false","false","2024-06-24 00:03:37","2024-06-24 00:03:37"
"ASIN","B00FR22IG0","ゴジラ","true","false","false","2024-06-24 00:03:43","2024-06-24 00:03:43"
"ASIN","B00JC66OIA","ゴジラ","true","false","false","2024-06-24 00:03:50","2024-06-24 00:03:50"
"ASIN","B00OXRLI8O","ゴジラ","true","false","false","2024-06-24 00:03:57","2024-06-24 00:03:57"
"ASIN","B01JFMMHSQ","ゴジラ","true","false","false","2024-06-24 00:04:03","2024-06-24 00:04:03"
"ASIN","B079RRQXFY","ゴジラ","true","false","false","2024-06-24 00:04:10","2024-06-24 00:04:10"
"ASIN","B079RS6XTY","ゴジラ","true","false","false","2024-06-24 00:04:18","2024-06-24 00:04:18"
"ASIN","B079RS9BV2","ゴジラ","true","false","false","2024-06-24 00:04:24","2024-06-24 00:04:24"
"ASIN","B07M77JQNX","ゴジラ","true","false","false","2024-06-24 00:04:29","2024-06-24 00:04:29"
"ASIN","B07NGQ7K8M","ゴジラ","true","false","false","2024-06-24 00:04:37","2024-06-24 00:04:37"
"ASIN","B07WW6WQZ8","ゴジラ","true","false","false","2024-06-24 00:04:43","2024-06-24 00:04:43"
"ASIN","B086RYFGGT","ゴジラ","true","false","false","2024-06-24 00:04:48","2024-06-24 00:04:48"
"ASIN","B091DRQJ7S","ゴジラ","true","false","false","2024-06-24 00:04:54","2024-06-24 00:04:54"
"ASIN","B093TJQYTQ","ゴジラ","true","false","false","2024-06-24 00:04:59","2024-06-24 00:04:59"
"ASIN","B09J5B48SP","ゴジラ","true","false","false","2024-06-24 00:05:04","2024-06-24 00:05:04"
"ASIN","B09MRYMR3P","ゴジラ","true","false","false","2024-06-24 00:05:11","2024-06-24 00:05:11"
"ASIN","B0B16NVM9Z","ゴジラ","true","false","false","2024-06-24 00:05:17","2024-06-24 00:05:17"
"ASIN","B0BGG7RQRG","ゴジラ","true","false","false","2024-06-24 00:05:23","2024-06-24 00:05:23"
"ASIN","B0BKZ3LF7X","ゴジラ","true","false","false","2024-06-24 00:05:28","2024-06-24 00:05:28"
"ASIN","B000EPF7R2","ゴジラ","true","false","false","2024-06-24 00:12:50","2024-06-24 00:12:50"
"ASIN","B008CXSJAK","制限対象","true","false","false","2024-06-27 03:51:50","2024-06-27 03:51:50"
"ASIN","B000V2FB3S","制限対象","true","false","false","2024-06-27 03:52:23","2024-06-27 03:52:23"
"ASIN","B00FR885JS","制限対象","true","false","false","2024-06-27 03:52:57","2024-06-27 03:52:57"
"ASIN","B004WAQ41I","コンプライアンス","true","false","false","2024-07-14 23:21:16","2024-07-14 23:21:16"
"ASIN","B001RB8JJU","コンプライアンス","true","false","false","2024-07-14 23:21:34","2024-07-14 23:21:34"
"ASIN","B0090ZYWU0","コンプライアンス","true","false","false","2024-07-14 23:21:51","2024-07-14 23:21:51"
"ASIN","B001GXSMPA","送料チェック","true","false","false","2024-07-17 02:05:08","2024-07-17 02:05:08"
"ASIN","B09DVPBB2M","知財疑い","true","false","false","2024-08-02 11:36:21","2024-08-02 11:36:21"
"ASIN","B00A1X4MBE","制限対象","true","false","false","2024-08-02 11:37:02","2024-08-02 11:37:02"
"ASIN","B003JTGXYQ","知財疑い","true","false","false","2024-08-03 05:35:42","2024-08-03 05:35:42"
"ASIN","B00N4HEP16","知財疑い","true","false","false","2024-08-03 05:35:52","2024-08-03 05:35:52"
"ASIN","B085S12X8B","知財疑い","true","false","false","2024-08-03 05:36:00","2024-08-03 05:36:00"
"ASIN","B09281C6XQ","Bandai","true","false","false","2024-08-04 08:24:56","2024-08-04 08:24:56"
"ASIN","B07YY96SXZ","知財疑い","true","false","false","2024-08-04 08:26:14","2024-08-04 08:26:14"
"ASIN","B07W4PFJ7D","知財疑い","true","false","false","2024-08-08 09:04:45","2024-08-08 09:04:45"
"ASIN","B07G8MZ7QH","知財疑い","true","false","false","2024-08-08 09:04:54","2024-08-08 09:04:54"
"ASIN","B07TTH1PGG","知財疑い","true","false","false","2024-08-08 09:05:03","2024-08-08 09:05:03"
"ASIN","B07T4B55QG","知財疑い","true","false","false","2024-08-11 22:13:09","2024-08-11 22:13:09"
"ASIN","B00IWJ1RIK","制限対象","true","false","false","2024-08-12 21:14:43","2024-08-12 21:14:43"
"ASIN","B07YN5HSQC","知財疑い","true","false","false","2024-08-17 08:24:17","2024-08-17 08:24:17"
"ASIN","B07NFB2W65","知財疑い","true","false","false","2024-08-18 06:55:28","2024-08-18 06:55:28"
"ASIN","B07CZVPVL7","知財疑い","true","false","false","2024-08-18 06:56:25","2024-08-18 06:56:25"
"ASIN","B00955MRWU","知財疑い","true","false","false","2024-08-18 06:57:51","2024-08-18 06:57:51"
"BRAND","LEGO","知財疑い","true","false","false","2024-08-18 07:00:48","2024-08-18 07:00:48"
"ASIN","B016D2GMFU","知財疑い","true","false","false","2024-08-21 05:56:40","2024-08-21 05:56:40"
"ASIN","B07XRQ9LP3","知財疑い","true","false","false","2024-08-21 10:40:14","2024-08-21 10:40:14"
"ASIN","B079JS5S1P","知財疑い","true","false","false","2024-08-21 10:40:23","2024-08-21 10:40:23"
"ASIN","B07RSPRFPR","知財疑い","true","false","false","2024-08-26 03:43:28","2024-08-26 03:43:28"
"ASIN","B088M3JRPK","HARIO 制限対象","true","false","false","2024-08-27 21:27:17","2024-08-27 21:27:17"
"ASIN","B079T6CHPV","送料オーバー","true","false","false","2024-08-29 03:35:55","2024-08-29 03:35:55"
"ASIN","B004A15JB0","送料オーバー","true","false","false","2024-09-01 13:47:17","2024-09-01 13:47:17"
"ASIN","B000BMVIGW","送料オーバー","true","false","false","2024-09-01 13:48:25","2024-09-01 13:48:25"
"ASIN","B07TGM4CQ1","送料オーバー","true","false","false","2024-09-01 13:58:09","2024-09-01 13:58:09"
"ASIN","B0009GVE7S","送料オーバー","true","false","false","2024-09-02 07:57:55","2024-09-02 07:57:55"
"ASIN","B000IKHUTQ","制限対象 Hario","true","false","false","2024-09-14 06:24:46","2024-09-14 06:24:46"
"ASIN","B000E6ATDS","コンプライアンス","true","false","false","2024-09-24 00:03:42","2024-09-24 00:03:42"
"ASIN","B00BC9IFOG","コンプライアンス","true","false","false","2024-09-24 00:03:53","2024-09-24 00:03:53"
"ASIN","B005436F66","コンプライアンス","true","false","false","2024-09-24 00:04:13","2024-09-24 00:04:13"
"ASIN","B00DV1XS2C","知財疑い","true","false","false","2024-10-01 08:15:05","2024-10-01 08:15:05"
"ASIN","B002ZLOPVC","知財疑い","true","false","false","2024-10-01 08:15:13","2024-10-01 08:15:13"
"ASIN","B07WJRDV7G","知財疑い","true","false","false","2024-10-04 08:31:07","2024-10-04 08:31:07"
"ASIN","B0015P0BOE","知財疑い","true","false","false","2024-10-04 08:31:17","2024-10-04 08:31:17"
"ASIN","B00061HIP8","送料オーバー","true","false","false","2024-10-09 08:18:52","2024-10-09 08:18:52"
"ASIN","B000LTAY1U","逆輸入品","true","false","false","2024-10-09 08:53:40","2024-10-09 08:53:40"
"ASIN","B0046ECA2C","知財疑い","true","false","false","2024-10-09 09:46:58","2024-10-09 09:46:58"
"ASIN","B0077K0WM2","送料オーバー","true","false","false","2024-10-10 07:26:45","2024-10-10 07:26:45"
"ASIN","B000GTLP18","知財疑い","true","false","false","2024-10-22 21:41:18","2024-10-22 21:41:18"
"ASIN","B07P2FQ8YT","送料オーバー","true","false","false","2024-10-25 07:04:55","2024-10-25 07:04:55"
"ASIN","B01EZAFEME","送料オーバー","true","false","false","2024-10-27 06:50:37","2024-10-27 06:50:37"
"ASIN","B01JYZP9OI","送料オーバー","true","false","false","2024-10-30 08:39:10","2024-10-30 08:39:10"
"ASIN","B0B7933R8Q","知財疑い","true","false","false","2024-11-12 22:17:30","2024-11-12 22:17:30"
"ASIN","B0C149PL3X","知財","true","false","false","2024-11-15 20:56:15","2024-11-15 20:56:15"
"BRAND","SUPACAZ","知財","true","false","false","2024-11-15 20:57:44","2024-11-15 20:57:44"
"ASIN","B00870NE9E","知財疑い","true","false","false","2024-11-24 21:56:59","2024-11-24 21:56:59"
"ASIN","B010RMZON","知財疑い","true","false","false","2024-11-24 21:57:14","2024-11-24 21:57:14"
"ASIN","B010RMZONI","知財疑い","true","false","false","2024-11-25 04:54:15","2026-01-25 22:34:13"
"ASIN","B003F9TXE2","知財疑い（マクラーレン）","true","false","false","2024-12-04 03:04:06","2024-12-04 03:04:06"
"ASIN","B08SCPH2SG","知財疑い（マクラーレン）","true","false","false","2024-12-04 03:07:18","2024-12-04 03:07:18"
"ASIN","B003F9ROTI","知財疑い（マクラーレン）","true","false","false","2024-12-04 03:07:36","2024-12-04 03:07:36"
"ASIN","B0716TV3XF","制限対象（SHIMANO）","true","false","false","2024-12-04 03:12:15","2024-12-04 03:12:15"
"ASIN","B01LXISE0K","知財疑い TakaraTomy","true","false","false","2024-12-22 09:20:34","2024-12-22 09:20:34"
"ASIN","B07G863V3T","知財疑い Bandai","true","false","false","2024-12-22 09:20:54","2024-12-22 09:20:54"
"ASIN","B01MXBWLGG","コンプライアンス","true","false","false","2024-12-22 09:28:20","2024-12-22 09:28:20"
"ASIN","B07LBKGY5S","コンプライアンス","true","false","false","2024-12-22 09:28:33","2024-12-22 09:28:33"
"ASIN","B004RKEEGA","コンプライアンス","true","false","false","2024-12-22 09:28:42","2024-12-22 09:28:42"
"ASIN","B005436JD0","コンプライアンス","true","false","false","2024-12-22 09:28:54","2024-12-22 09:28:54"
"ASIN","B004RX83HS","コンプライアンス","true","false","false","2024-12-22 09:29:04","2024-12-22 09:29:04"
"ASIN","B085YMJCCN","知財疑い","true","false","false","2024-12-24 23:30:34","2024-12-24 23:30:34"
"ASIN","B000WN625W","Transparency","true","false","false","2024-12-30 01:32:17","2024-12-30 01:32:17"
"ASIN","B000WN9QW8","Transparency","true","false","false","2024-12-30 01:32:28","2024-12-30 01:32:28"
"ASIN","B0013INM8U","Transparency","true","false","false","2024-12-30 01:32:37","2024-12-30 01:32:37"
"ASIN","B00DZMPPM8","知財疑い","true","false","false","2025-01-02 23:11:47","2025-01-02 23:11:47"
"ASIN","B07SW271M3","制限対象","true","false","false","2025-01-11 21:18:40","2025-01-11 21:18:40"
"ASIN","B01L06V5WO","制限対象","true","false","false","2025-01-12 22:17:57","2025-01-12 22:17:57"
"ASIN","B071JT6C12","制限対象","true","false","false","2025-01-12 22:18:06","2025-01-12 22:18:06"
"ASIN","B08VF35Q97","制限対象","true","false","false","2025-01-14 23:37:43","2025-01-14 23:37:43"
"ASIN","B072M6ZMC4","HARIO 制限対象(電気要件）","true","false","false","2025-01-23 10:18:31","2025-01-23 10:18:31"
"ASIN","B01M0I1I8V","制限対象","true","false","false","2025-01-25 01:02:50","2025-01-25 01:02:50"
"BRAND","Kenko","Au電気制限対象","true","false","false","2025-01-25 01:05:26","2025-01-25 01:05:26"
"ASIN","B01L06VJLQ","制限対象","true","false","false","2025-01-26 04:44:34","2025-01-26 04:44:34"
"ASIN","B07BTFMBMV","送料オーバー","true","false","false","2025-02-03 17:24:59","2025-02-03 17:24:59"
"ASIN","4576140701","制限対象","true","false","false","2025-02-08 08:07:20","2025-02-08 08:07:20"
"ASIN","4774791628","制限対象","true","false","false","2025-02-08 08:08:03","2025-02-08 08:08:03"
"ASIN","4576181904","制限対象","true","false","false","2025-02-08 08:08:14","2025-02-08 08:08:14"
"ASIN","4774791059","制限対象","true","false","false","2025-02-08 08:08:24","2025-02-08 08:08:24"
"ASIN","4774790826","制限対象","true","false","false","2025-02-08 08:08:33","2025-02-08 08:08:33"
"ASIN","4774790850","制限対象","true","false","false","2025-02-08 08:08:40","2025-02-08 08:08:40"
"ASIN","457614166X","制限対象","true","false","false","2025-02-08 08:08:51","2025-02-08 08:08:51"
"ASIN","4774791156","制限対象","true","false","false","2025-02-08 08:08:59","2025-02-08 08:08:59"
"ASIN","4576200313","制限対象","true","false","false","2025-02-08 08:09:05","2025-02-08 08:09:05"
"ASIN","B0009RQLAW","送料オーバー","true","false","false","2025-02-15 21:56:28","2025-02-15 21:56:28"
"ASIN","B002OL3YBK","送料オーバー","true","false","false","2025-02-15 22:10:45","2025-02-15 22:10:45"
"ASIN","B00D3Y1CE8","知財疑い（Pokémon)","true","false","false","2025-02-26 21:45:40","2025-02-26 21:45:40"
"ASIN","B000AJ14AQ","送料オーバー","true","false","false","2025-02-28 03:23:15","2025-02-28 03:23:15"
"ASIN","B0013IH6Q4","トランスパーレンシー","true","false","false","2025-03-06 03:40:33","2025-03-06 03:40:33"
"ASIN","B0013ILH64","トランスパーレンシー","true","false","false","2025-03-06 03:40:44","2025-03-06 03:40:44"
"ASIN","B01549U3TY","コンプラ","true","false","false","2025-03-09 00:07:56","2025-03-09 00:07:56"
"ASIN","B001LRLV04","コンプラ","true","false","false","2025-03-09 00:08:24","2025-03-09 00:08:24"
"ASIN","B01II4AXQ0","コンプラ","true","false","false","2025-03-09 00:08:45","2025-03-09 00:08:45"
"ASIN","B0081QANNO","コンプラ","true","false","false","2025-03-09 00:09:08","2025-03-09 00:09:08"
"ASIN","B003JPAOB8","コンプラ","true","false","false","2025-03-09 00:09:34","2025-03-09 00:09:34"
"ASIN","B01549U3TY","コンプラ","true","false","false","2025-03-09 00:10:22","2025-03-09 00:10:22"
"ASIN","B06VXFSQZL","SDS必要","true","false","false","2025-03-13 22:26:39","2025-03-13 22:26:39"
"ASIN","B007UVGZ4C","知財疑い","true","false","false","2025-03-13 22:58:22","2025-03-13 22:58:22"
"ASIN","B00BBRM0EA","送料オーバー","true","false","false","2025-03-21 05:10:09","2025-03-21 05:10:09"
"ASIN","B0936ZZ1QL","知財疑い","true","false","false","2025-03-24 21:24:16","2025-03-24 21:24:16"
"ASIN","B0936ZZ1QL","知財疑い","true","false","false","2025-03-24 21:24:20","2025-03-24 21:24:20"
"ASIN","B0936ZZ1QL","知財疑い","true","false","false","2025-03-24 21:24:22","2025-03-24 21:24:22"
"ASIN","B0936ZZ1QL","知財疑い","true","false","false","2025-03-24 21:24:39","2025-03-24 21:24:39"
"ASIN","B0936ZZ1QL","知財疑い","true","false","false","2025-03-24 21:24:41","2025-03-24 21:24:41"
"ASIN","B0936ZZ1QL","知財疑い","true","false","false","2025-03-24 21:25:18","2025-03-24 21:25:18"
"ASIN","B0936ZZ1QL","知財疑い","true","false","false","2025-03-24 21:25:19","2025-03-24 21:25:19"
"ASIN","B0936ZZ1QL","知財疑い","true","false","false","2025-03-24 21:29:55","2025-03-24 21:29:55"
"ASIN","B0936ZZ1QL","知財疑い","true","false","false","2025-03-24 21:29:58","2025-03-24 21:29:58"
"ASIN","B0936ZZ1QL","知財疑い","true","false","false","2025-03-24 21:30:16","2025-03-24 21:30:16"
"ASIN","B0936ZZ1QL","知財疑い","true","false","false","2025-03-24 21:30:17","2025-03-24 21:30:17"
"ASIN","B0936ZZ1QL","知財疑い","true","false","false","2025-03-24 21:30:21","2025-03-24 21:30:21"
"ASIN","B0936ZZ1QL","知財疑い","true","false","false","2025-03-24 21:32:56","2025-03-24 21:32:56"
"ASIN","B0936ZZ1QL","知財疑い","true","false","false","2025-03-24 21:32:58","2025-03-24 21:32:58"
"ASIN","B074S6J37D","知財疑い","true","false","false","2025-03-25 22:43:33","2025-03-25 22:43:33"
"ASIN","B08482DBY8","知財疑い","true","false","false","2025-03-25 22:43:44","2025-03-25 22:43:44"
"ASIN","B00I92DJNQ","商品ページ説明に問題あり","true","false","false","2025-03-26 08:07:21","2025-03-26 08:07:21"
"ASIN","B08ZS9KFKQ","制限対象","true","false","false","2025-03-31 09:00:17","2025-03-31 09:00:17"
"ASIN","B01MXTE6GL","制限対象","true","false","false","2025-03-31 09:00:41","2025-03-31 09:00:41"
"ASIN","B07216BYS2","制限対象","true","false","false","2025-03-31 09:00:52","2025-03-31 09:00:52"
"ASIN","B09GVRZYG2","制限対象","true","false","false","2025-03-31 09:01:15","2025-03-31 09:01:15"
"ASIN","B0C9M2CT6H","制限対象","true","false","false","2025-03-31 09:01:28","2025-03-31 09:01:28"
"ASIN","B01MU93NOZ","制限対象","true","false","false","2025-03-31 09:01:53","2025-03-31 09:01:53"
"ASIN","457618136X","制限対象","true","false","false","2025-03-31 09:03:00","2025-03-31 09:03:00"
"ASIN","B071NH5MLL","制限対象","true","false","false","2025-03-31 09:03:20","2025-03-31 09:03:20"
"ASIN","B002RDUMGK","知財疑い","true","false","false","2025-03-31 09:05:57","2025-03-31 09:05:57"
"BRAND","Ergotron","知財","true","false","false","2025-04-11 01:27:11","2025-04-11 01:27:11"
"ASIN","B00UP141C2","知財疑い","true","false","false","2025-04-20 05:21:01","2025-04-20 05:21:01"
"BRAND","ASUS","様子見","true","false","false","2025-04-20 09:25:18","2025-04-20 09:25:18"
"ASIN","B007QIL7UG","コンプライアンス","true","false","false","2025-05-02 08:41:00","2025-05-02 08:41:00"
"ASIN","B08M9F5D4D","コンプライアンス","true","false","false","2025-05-02 08:41:09","2025-05-02 08:41:09"
"ASIN","B0016LWNNE","コンプライアンス","true","false","false","2025-05-02 08:41:21","2025-05-02 08:41:21"
"ASIN","B000B8PPHO","送料オーバー","true","false","false","2025-05-18 22:29:01","2025-05-18 22:29:01"
"ASIN","B08LVQB5F7","知財疑い","true","false","false","2025-05-20 21:56:22","2025-05-20 21:56:22"
"ASIN","B08LVQB5F7","知財疑い","true","false","false","2025-05-20 21:56:26","2025-05-20 21:56:26"
"ASIN","B08LVQB5F7","知財疑い","true","false","false","2025-05-20 21:56:28","2025-05-20 21:56:28"
"ASIN","B08LVQB5F7","知財疑い","true","false","false","2025-05-20 21:59:07","2025-05-20 21:59:07"
"ASIN","B08LVQB5F7","知財疑い","true","false","false","2025-05-20 21:59:13","2025-05-20 21:59:13"
"ASIN","B08LVQB5F7","知財疑い","true","false","false","2025-05-21 03:17:56","2025-05-21 03:17:56"
"ASIN","B08LVQB5F7","知財疑い","true","false","false","2025-05-21 03:17:57","2025-05-21 03:17:57"
"ASIN","B08LVQB5F7","知財疑い","true","false","false","2025-05-21 22:10:53","2025-05-21 22:10:53"
"ASIN","B08LVQB5F7","知財疑い","true","false","false","2025-05-21 22:10:53","2025-05-21 22:10:53"
"ASIN","B08LVQB5F7","知財疑い","true","false","false","2025-05-21 22:10:55","2025-05-21 22:10:55"
"ASIN","B08LVQB5F7","知財疑い","true","false","false","2025-05-21 22:12:26","2025-05-21 22:12:26"
"ASIN","B08LVQB5F7","知財疑い","true","false","false","2025-05-21 22:12:29","2025-05-21 22:12:29"
"ASIN","B010HLZG9Q","知財疑い","true","false","false","2025-05-24 00:12:19","2025-05-24 00:12:19"
"ASIN","B072LZXQVW","知財疑い","true","false","false","2025-05-24 00:13:12","2025-05-24 00:13:12"
"ASIN","B00EU6SQLA","知財疑い","true","false","false","2025-05-24 00:13:54","2025-05-24 00:13:54"
"ASIN","B00XW1CU4S","知財疑い","true","false","false","2025-05-24 00:14:11","2025-05-24 00:14:11"
"ASIN","B00HHND1IG","知財疑い","true","false","false","2025-05-24 00:14:30","2025-05-24 00:14:30"
"ASIN","B00HEW41JS","知財疑い","true","false","false","2025-05-24 00:15:20","2025-05-24 00:15:20"
"ASIN","B00I7P45II","知財疑い 進撃の巨人 Attack on Titan","true","false","false","2025-05-24 00:23:45","2025-05-24 00:30:02"
"ASIN","B00CAL4LEI","知財疑い 進撃の巨人 Attack on Titan","true","false","false","2025-05-24 00:23:50","2026-01-25 22:34:41"
"ASIN","B00KMZUCSI","知財疑い 進撃の巨人 Attack on Titan","true","false","false","2025-05-24 00:23:55","2025-05-24 00:30:13"
"ASIN","B0B3XJ8BQ7","知財疑い 進撃の巨人 Attack on Titan","true","false","false","2025-05-24 00:24:00","2025-05-24 00:30:17"
"ASIN","B0995SB6VP","知財疑い 進撃の巨人 Attack on Titan","true","false","false","2025-05-24 00:24:12","2025-05-24 00:30:18"
"ASIN","B0995QVY5D","知財疑い 進撃の巨人 Attack on Titan","true","false","false","2025-05-24 00:24:17","2025-05-24 00:30:20"
"ASIN","B07W12ZYBQ","知財疑い 進撃の巨人 Attack on Titan","true","false","false","2025-05-24 00:24:27","2025-05-24 00:30:22"
"ASIN","B07Q2ZSKFQ","知財疑い 進撃の巨人 Attack on Titan","true","false","false","2025-05-24 00:24:34","2025-05-24 00:30:23"
"ASIN","B00QNPPSLC","知財疑い 進撃の巨人 Attack on Titan","true","false","false","2025-05-24 00:24:39","2025-05-24 00:30:25"
"ASIN","B00O59BDXA","知財疑い 進撃の巨人 Attack on Titan","true","false","false","2025-05-24 00:24:45","2025-05-24 00:30:27"
"ASIN","B00RPGWLVI","知財疑い 進撃の巨人 Attack on Titan","true","false","false","2025-05-24 00:24:54","2025-05-24 00:30:29"
"ASIN","B00LK0N3W6","知財疑い 進撃の巨人 Attack on Titan","true","false","false","2025-05-24 00:25:01","2025-05-24 00:30:31"
"ASIN","B0BF5J5HT9","知財疑い 進撃の巨人 Attack on Titan","true","false","false","2025-05-24 00:25:09","2025-05-24 00:30:33"
"ASIN","B00G21S5SK","知財疑い 進撃の巨人 Attack on Titan","true","false","false","2025-05-24 00:25:15","2025-05-24 00:30:35"
"ASIN","B09RWQD9N4","知財疑い 進撃の巨人 Attack on Titan","true","false","false","2025-05-24 00:25:22","2025-05-24 00:30:37"
"ASIN","B0B6Q82RZH","知財疑い 進撃の巨人 Attack on Titan","true","false","false","2025-05-24 00:25:28","2025-05-24 00:30:39"
"ASIN","B0B77C7Q1D","知財疑い 進撃の巨人 Attack on Titan","true","false","false","2025-05-24 00:25:34","2025-05-24 00:30:41"
"ASIN","B00NR8LU1U","知財疑い 進撃の巨人 Attack on Titan","true","false","false","2025-05-24 00:25:42","2025-05-24 00:30:43"
"ASIN","B00QNQY3KI","知財疑い 進撃の巨人 Attack on Titan","true","false","false","2025-05-24 00:25:51","2025-05-24 00:30:45"
"ASIN","B00SGRCFAW","知財疑い 進撃の巨人 Attack on Titan","true","false","false","2025-05-24 00:25:59","2025-05-24 00:30:47"
"ASIN","B00SO9H9BW","知財疑い 進撃の巨人 Attack on Titan","true","false","false","2025-05-24 00:26:07","2025-05-24 00:30:50"
"ASIN","B00E8X1BKI","知財疑い 進撃の巨人 Attack on Titan","true","false","false","2025-05-24 00:26:14","2025-05-24 00:30:52"
"ASIN","B00LF3FFS8","知財疑い 進撃の巨人 Attack on Titan","true","false","false","2025-05-24 00:26:20","2025-05-24 00:30:54"
"ASIN","B00FWM0NVW","知財疑い 進撃の巨人 Attack on Titan","true","false","false","2025-05-24 00:26:27","2025-05-24 00:30:56"
"ASIN","B01MSJZ97G","知財疑い 進撃の巨人 Attack on Titan","true","false","false","2025-05-24 00:26:32","2025-05-24 00:30:58"
"ASIN","B00IRUTWO0","知財疑い 進撃の巨人 Attack on Titan","true","false","false","2025-05-24 00:26:39","2025-05-24 00:31:02"
"ASIN","B00YICD7CE","コンプラ","true","false","false","2025-05-24 00:33:57","2025-05-24 00:33:57"
"ASIN","B07HNTXG13","コンプラ","true","false","false","2025-05-24 00:34:22","2025-05-24 00:34:22"
"ASIN","B07BHQ25R4","コンプラ","true","false","false","2025-05-24 00:34:40","2025-05-24 00:34:40"
"ASIN","B0060F8HRW","コンプラ","true","false","false","2025-05-24 00:34:48","2025-05-24 00:34:48"
"ASIN","B08RJ68RJ8","コンプラ","true","false","false","2025-05-24 00:34:58","2025-05-24 00:34:58"
"ASIN","B00MBTCVUU","コンプラ","true","false","false","2025-05-24 00:35:08","2025-05-24 00:35:08"
"ASIN","B0743DR15V","コンプラ","true","false","false","2025-05-24 00:37:45","2025-05-24 00:37:45"
"ASIN","B06ZZS7NFS","在庫不安定商品","true","false","false","2025-05-24 08:29:47","2025-05-24 08:29:47"
"BRAND","Pearl","知財","true","false","false","2025-05-26 03:00:29","2025-05-26 03:00:29"
"BRAND","Fluke","知財","true","false","false","2025-05-26 09:10:22","2025-05-26 09:10:22"
"ASIN","B000GAYQL8","並行品","true","false","false","2025-05-28 04:57:42","2025-05-28 04:57:42"
"ASIN","B09BKR5RJR","コンプラ","true","false","false","2025-05-31 21:43:48","2025-05-31 21:43:48"
"ASIN","B09WM8J5SH","コンプラ","true","false","false","2025-05-31 21:44:06","2025-05-31 21:44:06"
"ASIN","B001TPA9MY","制限対象","true","false","false","2025-06-01 22:00:42","2025-06-01 22:00:42"
"ASIN","B001TPH73I","制限対象","true","false","false","2025-06-01 22:01:01","2025-06-01 22:01:01"
"BRAND","misono","制限対象","true","false","false","2025-06-02 21:13:01","2025-06-02 21:13:01"
"ASIN","B000XT2Z2Y","制限対象","true","false","false","2025-06-02 21:13:48","2025-06-02 21:13:48"
"ASIN","B000XT2Z3S","制限対象","true","false","false","2025-06-02 21:13:57","2025-06-02 21:13:57"
"ASIN","B000XSZ7PW","制限対象","true","false","false","2025-06-02 21:14:07","2025-06-02 21:14:07"
"ASIN","B06VWXFTR5","制限対象","true","false","false","2025-06-03 21:32:55","2025-06-03 21:32:55"
"ASIN","B06W2MR7ZV","制限対象","true","false","false","2025-06-03 21:38:19","2025-06-03 21:38:19"
"ASIN","B06WGRYKRG","制限対象","true","false","false","2025-06-03 21:38:28","2025-06-03 21:38:28"
"ASIN","B06VX3KRJ8","制限対象","true","false","false","2025-06-03 21:38:36","2025-06-03 21:38:36"
"ASIN","B00JL5XS7W","送料オーバー","true","false","false","2025-06-04 21:51:38","2025-06-04 21:51:38"
"ASIN","B072DXB8ST","知財疑い","true","false","false","2025-06-19 04:06:28","2025-06-19 04:06:28"
"ASIN","B075DJPCQQ","知財疑い","true","false","false","2025-06-21 12:22:19","2025-06-21 12:22:19"
"ASIN","B00NAP014C","制限対象","true","false","false","2025-06-21 21:59:58","2025-06-21 21:59:58"
"ASIN","B07GV4D4QV","コンプラ","true","false","false","2025-06-21 22:03:19","2025-06-21 22:03:19"
"ASIN","B0713T7BJW","コンプラ","true","false","false","2025-06-21 22:03:56","2025-06-21 22:03:56"
"ASIN","B07GZQR2RB","コンプラ","true","false","false","2025-06-21 22:04:45","2025-06-21 22:04:45"
"ASIN","B093F5LPDY","知財疑い","true","false","false","2025-06-23 23:11:11","2025-06-23 23:11:11"
"ASIN","B007MM6DIC","知財疑い","true","false","false","2025-06-26 04:53:42","2025-06-26 04:53:42"
"ASIN","B01JLFUZ40","知財疑い","true","false","false","2025-06-26 21:17:03","2025-06-26 21:17:03"
"ASIN","B08GY2KHD8","メーカー直販","true","false","false","2025-07-06 04:34:18","2025-07-06 04:34:18"
"BRAND","WORKPRO","メーカー直販","true","false","false","2025-07-06 04:34:27","2025-07-06 04:34:27"
"BRAND","BERNY","メーカー直販","true","false","false","2025-07-06 05:34:11","2025-07-06 05:34:11"
"ASIN","B00T41EW1O","送料オーバー","true","false","false","2025-07-07 04:42:00","2025-07-07 04:42:00"
"ASIN","B00B596V6W","送料オーバー","true","false","false","2025-07-09 06:17:48","2025-07-09 06:17:48"
"ASIN","B00061HGAK","送料オーバー","true","false","false","2025-07-13 04:23:03","2025-07-13 04:23:03"
"ASIN","B09WM8JJD7","知財疑い","true","false","false","2025-07-20 23:24:15","2025-07-20 23:24:15"
"BRAND","Samsung","知財の恐れ","true","false","false","2025-07-26 23:21:00","2025-07-26 23:21:00"
"ASIN","006MHFAE6","知財疑い","true","false","false","2025-08-01 23:25:23","2025-08-01 23:25:23"
"BRAND","BAHCO","知財疑い","true","false","false","2025-08-01 23:26:10","2025-08-01 23:26:10"
"ASIN","B00B99JU5M","不安商品","true","false","false","2025-08-05 22:31:38","2025-08-05 22:31:38"
"ASIN","B09Q8SDXZW","知財疑い","true","false","false","2025-08-07 22:02:52","2025-08-07 22:02:52"
"ASIN","B07YLYGTKF","知財疑い","true","false","false","2025-08-07 22:03:59","2025-08-07 22:03:59"
"ASIN","B0BHS1PG38","知財疑い","true","false","false","2025-08-07 22:04:19","2025-08-07 22:04:19"
"ASIN","B00S32VERA","知財疑い","true","false","false","2025-08-07 22:04:41","2025-08-07 22:04:41"
"ASIN","B00FFU7Z08","知財疑い","true","false","false","2025-08-07 22:04:58","2025-08-07 22:04:58"
"ASIN","B01BD3NDBU","知財疑い","true","false","false","2025-08-07 22:09:55","2025-08-07 22:09:55"
"ASIN","B08BXCXP4T","送料オーバー","true","false","false","2025-08-08 02:21:29","2025-08-08 02:21:29"
"ASIN","B08XX8ZYFT","在庫なし","true","false","false","2025-08-12 06:10:33","2025-08-12 06:10:33"
"ASIN","B00O2AR1B0","知財疑い","true","false","false","2025-08-17 22:00:56","2025-08-17 22:00:56"
"ASIN","B00WXHY4J6","知財疑い","true","false","false","2025-08-22 03:06:43","2025-08-22 03:06:43"
"ASIN","B077QT1ZT9","知財疑い","true","false","false","2025-08-22 03:07:04","2025-08-22 03:07:04"
"ASIN","B00834A66S","コンプラ","true","false","false","2025-08-23 00:06:22","2025-08-23 00:06:22"
"ASIN","B00E8ZK396","コンプラ","true","false","false","2025-08-23 00:07:53","2025-08-23 00:07:53"
"ASIN","B006MHFAE6","知財疑い","true","false","false","2025-08-23 00:08:55","2025-08-23 00:08:55"
"ASIN","B0029L71V4","コンプラ","true","false","false","2025-08-23 00:09:21","2025-08-23 00:09:21"
"ASIN","B08KWD9MSG","コンプラ","true","false","false","2025-08-23 00:11:01","2025-08-23 00:11:01"
"ASIN","B077FTNXWS","コンプラ","true","false","false","2025-08-23 00:13:58","2025-08-23 00:13:58"
"ASIN","B083VBD81M","コンプラ","true","false","false","2025-08-23 00:14:31","2025-08-23 00:14:31"
"ASIN","B00BVQY98G","コンプラ","true","false","false","2025-08-23 00:15:04","2025-08-23 00:15:04"
"ASIN","B0BDQTRZRN","コンプラ","true","false","false","2025-08-23 00:16:18","2025-08-23 00:16:18"
"ASIN","B09LGRVVZB","コンプラ","true","false","false","2025-08-23 00:16:48","2025-08-23 00:16:48"
"ASIN","B01LZ7996I","コンプラ","true","false","false","2025-08-23 00:17:25","2025-08-23 00:17:25"
"ASIN","B08VDBH8BJ","知財疑い","true","false","false","2025-08-23 00:20:49","2025-08-23 00:20:49"
"ASIN","B08GC9TQQD","知財疑い","true","false","false","2025-08-23 00:21:19","2025-08-23 00:21:19"
"ASIN","B003YC1XVQ","知財疑い","true","false","false","2025-08-23 00:21:42","2025-08-23 00:21:42"
"ASIN","B001O4ZTOI","コンプラ","true","false","false","2025-08-23 00:23:22","2025-08-23 00:23:22"
"ASIN","B0BX76SRS7","コンプラ","true","false","false","2025-08-23 00:23:42","2025-08-23 00:23:42"
"ASIN","B08LMFD87L","コンプラ","true","false","false","2025-08-23 00:27:31","2025-08-23 00:27:31"
"ASIN","B0BVFK26MX","コンプラ","true","false","false","2025-08-23 00:27:44","2025-08-23 00:27:44"
"ASIN","B07BLYP4XG","知財疑い","true","false","false","2025-08-24 01:27:54","2025-08-24 01:27:54"
"ASIN","B07DS3YFT6","知財疑い","true","false","false","2025-08-26 22:04:28","2025-08-26 22:04:28"
"ASIN","B0787W9N45","知財疑い","true","false","false","2025-08-27 22:26:24","2025-08-27 22:26:24"
"ASIN","B00T2DKL5K","送料オーバー","true","false","false","2025-08-31 06:43:32","2026-01-25 22:35:24"
"ASIN","B01KPI3KJE","知財疑い","true","false","false","2025-09-09 05:49:44","2025-09-09 05:49:44"
"ASIN","B09HYWP73R","知財疑い Bandai","true","false","false","2025-09-11 04:49:06","2025-09-11 04:49:06"
"ASIN","B00SBAAUJW","知財疑い","true","false","false","2025-09-11 22:45:38","2025-09-11 22:45:38"
"BRAND","Diesel","知財","true","false","false","2025-09-14 08:27:47","2025-09-14 08:27:47"
"ASIN","B006NJ9X2I","知財疑い","true","false","false","2025-09-19 03:11:06","2025-09-19 03:11:06"
"ASIN","B000BOBGWQ","送料オーバー","true","false","false","2025-09-19 22:09:46","2026-01-25 22:34:59"
"ASIN","B000J46X3U","送料オーバー","true","false","false","2025-09-19 22:11:26","2026-01-25 22:34:56"
"ASIN","B09WXTX2KM","送料オーバー","true","false","false","2025-09-21 22:33:48","2025-09-21 22:33:48"
"ASIN","B000F8MIG6","知財疑い","true","false","false","2025-09-21 22:37:17","2025-09-21 22:37:17"
"ASIN","B07VT6RC7R","知財疑い","true","false","false","2025-09-24 04:02:26","2025-09-24 04:02:26"
"ASIN","B00HVJT3ZG","知財疑い","true","false","false","2025-09-24 04:03:03","2025-09-24 04:03:03"
"ASIN","B08FCNHPQV","送料オーバー","true","false","false","2025-09-29 05:10:22","2025-09-29 05:10:22"
"ASIN","B077XWPHCN","知財疑い Transformеrs","true","false","false","2025-10-02 00:21:03","2025-10-02 00:21:03"
"ASIN","B0006TNAJ8","知財疑い","true","false","false","2025-10-03 03:06:55","2025-10-03 03:06:55"
"ASIN","B0002YM5IO","コンプラ","true","false","false","2025-10-05 00:54:00","2025-10-05 00:54:00"
"ASIN","0D2SY1Y8V","コンプラ","true","false","false","2025-10-05 00:57:43","2025-10-05 00:57:43"
"ASIN","B0991413H5","知財疑い","true","false","false","2025-10-06 00:48:47","2025-10-06 00:48:47"
"ASIN","B01G81FB9O","知財疑い","true","false","false","2025-10-08 01:35:11","2025-10-08 01:35:11"
"ASIN","B07X92NP1Z","知財疑い","true","false","false","2025-10-13 22:06:57","2025-10-13 22:06:57"
"ASIN","B00H8DYZVC","送料オーバー","true","false","false","2025-10-14 06:21:55","2026-01-25 22:38:09"
"ASIN","B072PTRCJH","ガスボンベ","true","false","false","2025-10-14 23:31:44","2025-10-14 23:31:44"
"ASIN","B004IKOJOQ","送料オーバー","true","false","false","2025-10-18 21:46:15","2025-10-18 21:46:15"
"ASIN","B0002YYMEE","送料オーバー","true","false","false","2025-10-18 21:46:24","2025-10-18 21:46:24"
"ASIN","B071PFF4L9","知財疑い Transformers","true","false","false","2025-10-18 21:52:28","2025-10-18 21:52:28"
"ASIN","B084DFDKNC","品薄","true","false","false","2025-10-20 08:55:41","2025-10-20 08:55:41"
"ASIN","B003CFAHUI","品薄","true","false","false","2025-10-20 23:58:24","2025-10-20 23:58:24"
"ASIN","B013AMKKCM","品薄","true","false","false","2025-10-27 23:09:43","2025-10-27 23:09:43"
"ASIN","B07B7X8H8Q","品薄","true","false","false","2025-11-04 12:14:18","2025-11-04 12:14:18"
"ASIN","B01NBW07L4","知財疑い","true","false","false","2025-11-05 21:44:40","2025-11-05 21:44:40"
"ASIN","B01NA08WPU","知財疑い","true","false","false","2025-11-05 21:45:03","2025-11-05 21:45:03"
"ASIN","B01MS8OGU1","知財疑い","true","false","false","2025-11-11 05:58:30","2025-11-11 05:58:30"
"ASIN","B00CI062XO","送料オーバー","true","false","false","2025-11-19 06:18:05","2025-11-19 06:18:05"
"ASIN","B07CD9QYNM","知財疑い","true","false","false","2025-11-20 22:24:48","2025-11-20 22:24:48"
"ASIN","B078NJF567","品薄","true","false","false","2025-11-21 04:12:32","2025-11-21 04:12:32"
"ASIN","B0B7L123H2","送料オーバー","true","false","false","2025-11-21 04:12:50","2025-11-21 04:12:50"
"ASIN","B0051EBZZO","コンプラ","true","false","false","2025-11-22 00:32:20","2025-11-22 00:32:20"
"ASIN","B01EFCWQZK","コンプラ","true","false","false","2025-11-22 00:33:02","2025-11-22 00:33:02"
"ASIN","B000FHUS78","並行品","true","false","false","2025-11-22 00:48:26","2025-11-22 00:48:26"
"ASIN","B000GAYQKY","並行品","true","false","false","2025-11-22 00:50:12","2025-11-22 00:50:12"
"ASIN","B0B7S18QG4","並行品","true","false","false","2025-11-22 04:23:09","2025-11-22 04:23:09"
"ASIN","B084XH5NW1","品薄","true","false","false","2025-11-23 22:53:41","2025-11-23 22:53:41"
"ASIN","B006EZBYCI","コンプラ","true","false","false","2025-11-24 22:05:34","2025-11-24 22:05:34"
"ASIN","B084WVY5CN","送料オーバー","true","false","false","2025-11-26 01:21:36","2025-11-26 01:21:36"
"ASIN","B0D4DVTZX7","知財","true","false","false","2025-11-27 05:17:50","2025-11-27 05:17:50"
"BRAND","PROMASTER","Citizen　ブランド","true","false","false","2025-11-27 05:21:29","2025-11-27 05:21:29"
"ASIN","B07LBQMZK6","品薄","true","false","false","2025-11-27 23:11:17","2025-11-27 23:11:17"
"ASIN","B07YCGKHFB","品薄","true","false","false","2025-11-29 22:27:28","2025-11-29 22:27:28"
"ASIN","B08N12Y4MX","品薄","true","false","false","2025-11-29 22:28:15","2025-11-29 22:28:15"
"ASIN","B07FJ71HPY","送料オーバー","true","false","false","2025-11-29 22:37:32","2025-11-29 22:37:32"
"ASIN","B073R86TL1","品薄","true","false","false","2025-11-29 22:55:08","2025-11-29 22:55:08"
"ASIN","B06Y4KQ7N6","品薄","true","false","false","2025-11-29 23:07:03","2025-11-29 23:07:03"
"ASIN","B0BBGDZSXB","送料オーバー","true","false","false","2025-11-30 22:40:04","2025-11-30 22:40:04"
"ASIN","B0CGR1RR5D","SEIKO ALBAブランド表記が紛らわしい","true","false","false","2025-11-30 23:00:11","2025-11-30 23:00:11"
"ASIN","B007V90M1A","不具合商品","true","false","false","2025-12-02 04:59:39","2025-12-02 04:59:39"
"ASIN","B00ZOWJI7A","コンプラ","true","false","false","2025-12-02 22:59:20","2025-12-02 22:59:20"
"ASIN","B086K5BXW","コンプラ","true","false","false","2025-12-02 23:01:59","2025-12-02 23:01:59"
"ASIN","B0DM4VCZL5","コンプラ","true","false","false","2025-12-02 23:03:35","2025-12-02 23:03:35"
"ASIN","B086K5BXW9","コンプラ","true","false","false","2025-12-02 23:04:12","2025-12-02 23:04:12"
"ASIN","B079TNGRY2","コンプラ","true","false","false","2025-12-02 23:08:14","2025-12-02 23:08:14"
"ASIN","B09CYP1BK4","コンプラ","true","false","false","2025-12-02 23:10:54","2025-12-02 23:10:54"
"ASIN","B09CYQZRFG","知財疑い","true","false","false","2025-12-02 23:11:45","2025-12-02 23:11:45"
"ASIN","B0D2SY1Y8V","コンプラ","true","false","false","2025-12-02 23:14:00","2025-12-02 23:14:00"
"ASIN","B07X83HG3S","コンプラ","true","false","false","2025-12-02 23:16:27","2025-12-02 23:16:27"
"ASIN","B0BFPN2WB6","コンプラ","true","false","false","2025-12-02 23:18:31","2025-12-02 23:18:31"
"ASIN","B01N5I7XWS","コンプラ","true","false","false","2025-12-02 23:19:18","2025-12-02 23:19:18"
"ASIN","B075S5WJ58","コンプラ","true","false","false","2025-12-02 23:19:48","2025-12-02 23:19:48"
"ASIN","B01NARAALJ","コンプラ","true","false","false","2025-12-02 23:20:19","2025-12-02 23:20:19"
"ASIN","B00AYWBNH8","コンプラ","true","false","false","2025-12-02 23:21:43","2025-12-02 23:21:43"
"ASIN","B0BZCKSLT3","知財疑い","true","false","false","2025-12-02 23:23:10","2025-12-02 23:23:10"
"ASIN","B094XHHZP5","コンプラ","true","false","false","2025-12-02 23:23:54","2025-12-02 23:23:54"
"ASIN","B07Z9CCD1D","コンプラ","true","false","false","2025-12-02 23:24:51","2025-12-02 23:24:51"
"ASIN","B07Z9CCD1","コンプラ","true","false","false","2025-12-02 23:25:45","2025-12-02 23:25:45"
"ASIN","B00TX0O5GS","コンプラ","true","false","false","2025-12-02 23:26:47","2025-12-02 23:26:47"
"ASIN","B0CGZL5SQR","完全送料オーバー","true","false","false","2025-12-04 08:40:18","2025-12-04 08:40:18"
"ASIN","B08B3CYWG1","送料オーバー","true","false","false","2025-12-04 08:51:59","2025-12-04 08:51:59"
"ASIN","B000YQGA4K","不備商品","true","false","false","2025-12-04 22:11:56","2025-12-04 22:11:56"
"ASIN","B07ZTFTDPC","完全送料オーバー","false","false","false","2025-12-05 01:51:18","2025-12-08 22:29:14"
"ASIN","B00CTDKTXO","品薄","true","false","false","2025-12-05 02:18:56","2025-12-05 02:18:56"
"ASIN","B0006N14BK","品薄","true","false","false","2025-12-05 02:27:16","2025-12-05 02:27:16"
"ASIN","B07RQL72KK","品薄","true","false","false","2025-12-06 23:03:53","2025-12-06 23:03:53"
"ASIN","B000G6R7B8","並行品","true","false","false","2025-12-06 23:08:47","2025-12-06 23:08:47"
"ASIN","B0C5N9M7MP","知財疑い","true","false","false","2025-12-07 06:33:58","2025-12-07 06:33:58"
"ASIN","B07TKMYS16","知財疑い","true","false","false","2025-12-07 06:34:44","2025-12-07 06:34:44"
"ASIN","B098MPVW5B","知財疑い","true","false","false","2025-12-07 06:35:23","2025-12-07 06:35:23"
"ASIN","B07HXR524Z","知財疑い","true","false","false","2025-12-07 06:36:19","2025-12-07 06:36:19"
"ASIN","B0081D5RNS","知財疑い","true","false","false","2025-12-07 06:36:50","2025-12-07 06:36:50"
"ASIN","B07BMHZ6T5","品薄","true","false","false","2025-12-07 10:39:06","2025-12-07 10:39:06"
"ASIN","B079J4J6BH","品薄","true","false","false","2025-12-08 05:16:20","2025-12-08 05:16:20"
"ASIN","B004FE1WIG","知財疑い","true","false","false","2025-12-09 05:05:25","2025-12-09 05:05:25"
"ASIN","B086WRRHVN","知財疑い","true","false","false","2025-12-09 05:06:36","2025-12-09 05:06:36"
"ASIN","B0BHCCMR3T","コンプラ","true","false","false","2025-12-09 05:09:36","2025-12-09 05:09:36"
"ASIN","B07K7FL8V8","知財疑い","true","false","false","2025-12-13 02:05:37","2025-12-13 02:05:37"
"ASIN","B07F6ZGCW9","知財疑い","true","false","false","2025-12-14 22:10:20","2025-12-14 22:10:20"
"ASIN","B0107PJIBO","コンプラ","true","false","false","2025-12-14 23:17:05","2025-12-14 23:17:05"
"ASIN","B08XMNVVTG","送料チェック","true","false","false","2025-12-15 23:46:39","2025-12-15 23:46:39"
"ASIN","B0CC1LVSWN","送料オーバー","true","false","false","2025-12-17 01:00:33","2025-12-17 01:00:33"
"ASIN","B000Y6WED6","知財疑い","true","false","false","2025-12-18 05:36:31","2025-12-18 05:36:31"
"ASIN","B00B8Q6PJU","品薄","false","false","false","2025-12-21 23:11:09","2026-01-06 03:16:44"
"ASIN","B008NYUJ8S","コンプラ","true","false","false","2026-01-03 03:29:24","2026-01-03 03:29:24"
"ASIN","B00M0ESO7K","コンプラ","true","false","false","2026-01-03 03:29:33","2026-01-03 03:29:33"
"ASIN","B07GQRXB76","コンプラ","true","false","false","2026-01-03 03:30:01","2026-01-03 03:30:01"
"ASIN","B07MW4WXP9","コンプラ","true","false","false","2026-01-03 03:30:07","2026-01-03 03:30:07"
"ASIN","B086Y7PLG5","コンプラ","true","false","false","2026-01-03 03:30:18","2026-01-03 03:30:18"
"ASIN","B099JXVFBP","コンプラ","true","false","false","2026-01-03 03:30:22","2026-01-03 03:30:22"
"ASIN","B09WM6SKGT","コンプラ","true","false","false","2026-01-03 03:30:34","2026-01-03 03:30:34"
"ASIN","B09YRVTMKP","コンプラ","true","false","false","2026-01-03 03:30:38","2026-01-25 22:35:52"
"ASIN","B0B7QY1V4B","コンプラ","true","false","false","2026-01-03 03:30:43","2026-01-03 03:30:43"
"ASIN","B0D221X8PL","コンプラ","true","false","false","2026-01-03 03:30:50","2026-01-03 03:30:50"
"ASIN","B0D523G1BG","コンプラ","true","false","false","2026-01-03 03:30:58","2026-01-03 03:30:58"
"ASIN","B083M38PRT","コンプラ","true","false","false","2026-01-03 03:31:15","2026-01-03 03:31:15"
"ASIN","B09T32HTQ3","コンプラ","true","false","false","2026-01-03 03:31:23","2026-01-03 03:31:23"
"ASIN","B0CT2CHZ93","コンプラ","true","false","false","2026-01-03 03:31:26","2026-01-03 03:31:26"
"ASIN","B07CKYV516","コンプラ","true","false","false","2026-01-03 07:08:26","2026-01-03 07:08:26"
"ASIN","B0CYLMYWD3","コンプラ","true","false","false","2026-01-03 07:08:35","2026-01-03 07:08:35"
"ASIN","B0CW19BZ6F","コンプラ","true","false","false","2026-01-03 22:34:06","2026-01-03 22:34:06"
"ASIN","B00791YUPO","コンプラ","true","false","false","2026-01-04 23:44:37","2026-01-04 23:44:37"
"ASIN","B0D53HL1BB","コンプラ","true","false","false","2026-01-06 03:19:22","2026-01-06 03:19:22"
"ASIN","B09H6PLYVR","コンプラ","true","false","false","2026-01-06 03:19:29","2026-01-06 03:19:29"
"ASIN","B0D7VS5CVV","コンプラ","true","false","false","2026-01-06 03:19:35","2026-01-06 03:19:35"
"ASIN","B09WM6CGVH","コンプラ","true","false","false","2026-01-06 03:19:43","2026-01-06 03:19:43"
"ASIN","B0BG3V1CRR","コンプラ","true","false","false","2026-01-06 21:46:48","2026-01-06 21:46:48"
"ASIN","B0BKFFVLDW","コンプラ","true","false","false","2026-01-08 00:08:51","2026-01-08 00:08:51"
"ASIN","B098DBKXV6","コンプラ","true","false","false","2026-01-14 22:38:54","2026-01-14 22:38:54"
"ASIN","B0D53KKK4Z","コンプラ","true","false","false","2026-01-15 21:50:28","2026-01-15 21:50:28"
"ASIN","B016ML4EPC","並行","true","false","false","2026-01-16 05:19:43","2026-01-16 05:22:43"
"ASIN","B06XKM9YWR","品薄","true","false","false","2026-01-16 05:22:58","2026-01-16 05:22:58"
"ASIN","B07RG2YPVP","送料オーバー","true","false","false","2026-01-16 05:42:25","2026-01-25 22:36:17"
"ASIN","B09R1SWMW9","コンプラ","true","false","false","2026-01-18 10:08:19","2026-01-18 10:08:19"
"ASIN","B0CN8K5MYK","コンプラ","true","false","false","2026-01-18 22:51:47","2026-01-18 22:51:47"
"ASIN","B003FG64RY","品薄","true","false","false","2026-01-20 10:06:20","2026-01-20 10:06:20"
"ASIN","B06X6KD53W","コンプラ","true","false","false","2026-01-21 00:55:22","2026-01-21 00:55:22"
"ASIN","B002YG0VGQ","コンプラ","true","false","false","2026-01-21 21:58:16","2026-01-21 21:58:16"
"ASIN","B01LX4ZZI1","コンプラ","true","false","false","2026-01-21 21:58:25","2026-01-21 21:58:25"
"ASIN","B0FN7RV46B","コンプラ","true","false","false","2026-01-25 22:21:39","2026-01-25 22:21:39"
"ASIN","B0CN8PZC77","コンプラ","true","false","false","2026-01-25 22:21:47","2026-01-25 22:21:47"
"ASIN","B00QEN65TM","コンプラ","true","false","false","2026-01-25 22:22:07","2026-01-25 22:22:07"
"ASIN","B00QEN65TM","コンプラ","true","false","false","2026-01-25 22:22:07","2026-01-25 22:22:07"
"ASIN","B001NJI3ME","コンプラ","true","false","false","2026-01-25 22:22:16","2026-01-25 22:36:09"
"ASIN","B004L2JVQ2","コンプラ","true","false","false","2026-01-25 22:26:20","2026-01-25 22:26:20"
"ASIN","B07R13PS8H","コンプラ","true","false","false","2026-01-27 22:35:48","2026-01-27 22:35:48"
"ASIN","B0C2C9B74G","コンプラ","true","false","false","2026-01-27 22:36:18","2026-01-27 22:36:18"
"ASIN","B0846CTTPZ","コンプラ","true","false","false","2026-01-27 22:36:29","2026-01-27 22:36:29"
"ASIN","B0B7S5F9ZS","コンプラ","true","false","false","2026-01-29 21:53:57","2026-01-29 21:53:57"
"ASIN","B0BQHLG2BN","コンプラ","true","false","false","2026-01-29 21:54:13","2026-01-29 21:54:13"
"ASIN","B09BCB2FXN","コンプラ","true","false","false","2026-01-29 21:54:28","2026-01-29 21:54:28"
"ASIN","B09WM6RH5S","コンプラ","true","false","false","2026-01-29 21:54:38","2026-01-29 21:54:38"
"ASIN","B094C9VY4Y","コンプラ","true","false","false","2026-01-29 21:54:50","2026-01-29 21:54:50"
"ASIN","B082JW4SLT","品薄","true","false","false","2026-02-01 22:26:47","2026-02-01 22:26:47"
"ASIN","B0B4X5DQVQ","並行品","false","false","false","2026-02-05 05:08:34","2026-02-05 05:10:41"
"ASIN","B005EQ90ME","コンプラ","true","false","false","2026-02-05 06:44:10","2026-02-05 06:44:10"
"ASIN","B09C1P2K5N","コンプラ","true","false","false","2026-02-08 22:46:24","2026-02-08 22:46:24"
"ASIN","B01IV3FL1A","コンプラ","true","false","false","2026-02-09 21:56:37","2026-02-09 21:56:37"
"ASIN","B0F9K5ZP1R","コンプラ","true","false","false","2026-02-09 21:57:05","2026-02-09 21:57:05"
"ASIN","B005EQ900G","コンプラ","true","false","false","2026-02-10 22:25:03","2026-02-10 22:25:03"
"ASIN","B000ATOFS4","コンプラ","true","false","false","2026-02-12 21:10:21","2026-02-12 21:10:21"
"ASIN","B00YTIPPV8","コンプラ","true","false","false","2026-02-12 21:10:27","2026-02-12 21:10:27"
"ASIN","B0B271183S","コンプラ","true","false","false","2026-02-12 21:34:09","2026-02-12 21:34:09"
"ASIN","B08X22FKW6","コンプラ","true","false","false","2026-02-13 22:01:55","2026-02-13 22:01:55"
"ASIN","B09BCD39JZ","コンプラ","true","false","false","2026-02-14 08:07:28","2026-02-14 08:07:28"
"ASIN","B09BBTC12W","コンプラ","true","false","false","2026-02-14 22:03:51","2026-02-14 22:03:51"
"ASIN","B0000DIJ6U","送料オーバー","true","false","false","2026-02-18 05:31:06","2026-02-18 05:31:06"
"ASIN","B0000DIJ6U","送料オーバー","true","false","false","2026-02-18 05:31:13","2026-02-18 05:31:13"
"ASIN","B0000DIJ6U","送料オーバー","true","false","false","2026-02-18 05:31:28","2026-02-18 05:31:28"
"ASIN","B0000DIJ6U","送料オーバー","true","false","false","2026-02-18 05:31:29","2026-02-18 05:31:29"
"ASIN","B0000DIJ6U","送料オーバー","true","false","false","2026-02-18 05:31:29","2026-02-18 05:31:29"
"ASIN","B0000DIJ6U","送料オーバー","true","false","false","2026-02-18 05:32:09","2026-02-18 05:32:09"
"ASIN","B0000DIJ6U","送料オーバー","true","false","false","2026-02-18 05:32:13","2026-02-18 05:32:13"
"ASIN","B0000DIJ6U","送料オーバー","true","false","false","2026-02-18 05:32:13","2026-02-18 05:32:13"
"ASIN","B0000DIJ6U","送料オーバー","true","false","false","2026-02-18 05:38:06","2026-02-18 05:38:06"
"ASIN","B0000DIJ6U","送料オーバー","true","false","false","2026-02-18 05:38:07","2026-02-18 05:38:07"
"ASIN","B0000DIJ6U","送料オーバー","true","false","false","2026-02-18 05:38:08","2026-02-18 05:38:08"
"ASIN","B0000DIJ6U","送料オーバー","true","false","false","2026-02-18 05:38:08","2026-02-18 05:38:08"
"ASIN","B0000DIJ6U","送料オーバー","true","false","false","2026-02-18 05:38:09","2026-02-18 05:38:09"
"ASIN","B07TPS4QZ2","品薄","true","false","false","2026-02-19 22:24:30","2026-02-19 22:24:30"
"ASIN","B001A5LKAS","コンプラ","true","false","false","2026-02-21 06:14:12","2026-02-21 06:14:12"
"ASIN","B003MUOCLI","コンプラ","true","false","false","2026-02-21 06:14:19","2026-02-21 06:14:19"
"ASIN","B0182RCJ06","コンプラ","true","false","false","2026-02-21 06:14:28","2026-02-21 06:14:28"
"ASIN","B08JGFR6GL","コンプラ","true","false","false","2026-02-21 06:14:37","2026-02-21 06:14:37"
"BRAND","Roland","メーカー警告","true","false","false","2026-02-21 09:22:16","2026-02-21 09:22:16"
"BRAND","BOSS","メーカー警告","true","false","false","2026-02-21 09:22:22","2026-02-21 09:22:22"
"BRAND","V-MODA","メーカー警告","true","false","false","2026-02-21 09:22:31","2026-02-21 09:22:31"
"ASIN","B08SWLCQ9C","品薄・送料オーバー","true","false","false","2026-02-23 07:14:25","2026-02-23 07:14:25"
"ASIN","B091DTT8BV","品薄","true","false","false","2026-02-25 02:57:31","2026-02-25 02:57:31"
"ASIN","B08RXR8DQ2","品薄","true","false","false","2026-02-25 23:04:58","2026-02-25 23:04:58"
"ASIN","B0BTYJ7T94","送料チェック","true","false","false","2026-02-27 05:51:29","2026-02-27 05:51:29"
"ASIN","B0DGPVJ8LG","送料チェック","true","false","false","2026-02-27 05:51:37","2026-02-27 05:51:37"
"ASIN","B0031KNR2O","送料チェック","true","false","false","2026-02-27 05:51:45","2026-02-27 05:51:45"
"ASIN","B076DBK53X","送料チェック","true","false","false","2026-02-27 06:03:31","2026-02-27 06:03:31"
"ASIN","B0CC2MK4LV","Transparency","true","false","false","2026-03-04 00:19:53","2026-03-04 00:19:53"
"ASIN","B001DCEKXM","Transparency","true","false","false","2026-03-04 00:20:41","2026-03-04 00:20:41"
"BRAND","IQUNIX","メーカー直販","true","false","false","2026-03-04 22:41:20","2026-03-04 22:41:20"
"ASIN","B079T6D5M2","送料オーバー","true","false","false","2026-03-05 05:29:49","2026-03-05 05:29:49"
"BRAND","ARTISAN","メ－カー警告","true","false","false","2026-03-05 06:20:25","2026-03-05 06:20:25"
"BRAND","ARTISAN&ARTIST","メーカー警告","true","false","false","2026-03-05 06:27:13","2026-03-05 06:27:13"
"BRAND","Artisan & Artist","メーカー警告","true","false","false","2026-03-05 06:27:46","2026-03-05 06:27:46"
"ASIN","B0BYFBR53R","コンプラ","true","false","false","2026-03-07 04:20:18","2026-03-07 04:20:18"
